full_date,years,months,days,temp_average_F,temp_avg_min_max,temp_min_F,temp_max_F,temp_average_C,temp_min_C,temp_max_C,precipitation,wind_direction,wind_speed_KM,wind_speed_MPH,sea_pressure
2014-01-01,2014,1,1,24.08,24.17,19.22,29.12,-4.40,-7.10,-1.60,0.00,W/NW,15.10,9.38,1026.8
2014-01-02,2014,1,2,20.48,14.18,2.12,26.24,-6.40,-16.60,-3.20,9.70,N,28.10,17.46,1021.2
2014-01-03,2014,1,3,6.44,8.15,2.12,14.18,-14.20,-16.60,-9.90,4.80,N/NW,27.40,17.03,1016
2014-01-04,2014,1,4,10.40,14.63,2.12,27.14,-12.00,-16.60,-2.70,0.00,NULL,19.80,12.30,1028.9
2014-01-05,2014,1,5,28.94,31.10,24.26,37.94,-1.70,-4.30,3.30,1.00,NULL,13.00,8.08,1023.9
2014-01-06,2014,1,6,44.24,42.53,29.12,55.94,6.80,-1.60,13.30,8.10,NULL,22.30,13.86,NULL
2014-01-07,2014,1,7,20.66,19.13,9.14,29.12,-6.30,-12.70,-1.60,0.00,W,31.70,19.70,NULL
2014-01-08,2014,1,8,12.92,14.63,7.16,22.10,-10.60,-13.80,-5.50,0.00,W/SW,20.50,12.74,1029
2014-01-09,2014,1,9,22.64,24.71,19.22,30.20,-5.20,-7.10,-1.00,0.00,NULL,13.70,8.51,1034.7
2014-01-10,2014,1,10,25.16,27.59,18.14,37.04,-3.80,-7.70,2.80,0.50,S,7.90,4.91,1031.4
2014-01-11,2014,1,11,43.16,46.49,33.98,59.00,6.20,1.10,15.00,13.70,NULL,18.40,11.43,1008.8
2014-01-12,2014,1,12,47.84,45.50,37.04,53.96,8.80,2.80,12.20,0.00,W,25.90,16.09,1002.2
2014-01-13,2014,1,13,40.28,41.09,31.10,51.08,4.60,-0.50,10.60,0.00,S/SW,18.40,11.43,1017
2014-01-14,2014,1,14,46.94,47.03,44.06,50.00,8.30,6.70,10.00,20.10,NULL,12.60,7.83,NULL
2014-01-15,2014,1,15,42.98,41.54,35.06,48.02,6.10,1.70,8.90,0.00,NULL,10.40,6.46,1013.6
2014-01-16,2014,1,16,37.04,36.05,33.08,39.02,2.80,0.60,3.90,0.00,NULL,5.00,3.11,NULL
2014-01-17,2014,1,17,39.20,39.56,33.08,46.04,4.00,0.60,7.80,0.00,NULL,12.60,7.83,NULL
2014-01-18,2014,1,18,35.24,34.97,32.00,37.94,1.80,0.00,3.30,20.10,NULL,11.20,6.96,NULL
2014-01-19,2014,1,19,32.72,32.63,30.20,35.06,0.40,-1.00,1.70,0.80,W/SW,23.80,14.79,1003.6
2014-01-20,2014,1,20,34.88,33.62,26.24,41.00,1.60,-3.20,5.00,0.00,W/SW,24.10,14.98,1002.4
2014-01-21,2014,1,21,20.12,18.68,11.12,26.24,-6.60,-11.60,-3.20,2.80,NULL,18.70,11.62,1015.4
2014-01-22,2014,1,22,11.66,12.65,7.16,18.14,-11.30,-13.80,-7.70,0.00,N/NW,26.60,16.53,NULL
2014-01-23,2014,1,23,12.38,14.18,6.26,22.10,-10.90,-14.30,-5.50,0.00,W,20.50,12.74,1016.6
2014-01-24,2014,1,24,12.74,13.19,7.16,19.22,-10.70,-13.80,-7.10,0.00,W,22.00,13.67,1022.1
2014-01-25,2014,1,25,24.26,26.60,15.26,37.94,-4.30,-9.30,3.30,0.00,S/SW,27.70,17.21,1004.3
2014-01-26,2014,1,26,21.92,21.20,16.16,26.24,-5.60,-8.80,-3.20,0.00,W/SW,25.20,15.66,1005.6
2014-01-27,2014,1,27,31.10,34.07,21.20,46.94,-0.50,-6.00,8.30,0.50,SW,22.30,13.86,1006.6
2014-01-28,2014,1,28,18.68,17.15,13.10,21.20,-7.40,-10.50,-6.00,0.00,NULL,20.50,12.74,1023.2
2014-01-29,2014,1,29,19.58,21.20,15.26,27.14,-6.90,-9.30,-2.70,0.30,NULL,15.80,9.82,1019.5
2014-01-30,2014,1,30,22.28,23.18,16.16,30.20,-5.40,-8.80,-1.00,0.00,W/SW,15.80,9.82,1027.1
2014-01-31,2014,1,31,30.02,32.54,22.10,42.98,-1.10,-5.50,6.10,0.00,W/SW,14.80,9.20,1019.2
2014-02-01,2014,2,1,37.94,37.04,32.00,42.08,3.30,0.00,5.60,0.00,NULL,13.30,8.26,1024.2
2014-02-02,2014,2,2,39.92,43.07,31.10,55.04,4.40,-0.50,12.80,0.50,NULL,10.80,6.71,1013.8
2014-02-03,2014,2,3,36.32,34.07,27.14,41.00,2.40,-2.70,5.00,4.30,N,14.80,9.20,1021.7
2014-02-04,2014,2,4,28.76,29.12,23.18,35.06,-1.80,-4.90,1.70,0.00,NULL,9.70,6.03,1028.8
2014-02-05,2014,2,5,30.74,28.67,24.26,33.08,-0.70,-4.30,0.60,28.20,NE,17.30,10.75,1014.4
2014-02-06,2014,2,6,23.36,23.72,19.22,28.22,-4.80,-7.10,-2.10,0.00,NULL,12.60,7.83,1021.8
2014-02-07,2014,2,7,24.26,24.71,19.22,30.20,-4.30,-7.10,-1.00,0.00,W/SW,17.30,10.75,1022.8
2014-02-08,2014,2,8,24.44,23.63,18.14,29.12,-4.20,-7.70,-1.60,0.00,W,16.20,10.07,1023.2
2014-02-09,2014,2,9,25.70,25.70,21.20,30.20,-3.50,-6.00,-1.00,0.80,NULL,12.20,7.58,1018.9
2014-02-10,2014,2,10,25.52,25.16,20.12,30.20,-3.60,-6.60,-1.00,0.00,W/NW,18.70,11.62,1016.9
2014-02-11,2014,2,11,20.48,19.67,14.18,25.16,-6.40,-9.90,-3.80,0.00,W/NW,16.60,10.31,1025.8
2014-02-12,2014,2,12,16.52,15.71,8.24,23.18,-8.60,-13.20,-4.90,0.00,N,12.20,7.58,1032.7
2014-02-13,2014,2,13,29.12,28.58,21.20,35.96,-1.60,-6.00,2.20,34.30,E/NE,32.00,19.88,1012.1
2014-02-14,2014,2,14,33.98,33.08,29.12,37.04,1.10,-1.60,2.80,7.90,W,29.50,18.33,NULL
2014-02-15,2014,2,15,31.82,31.10,27.14,35.06,-0.10,-2.70,1.70,8.40,NULL,15.50,9.63,1006.4
2014-02-16,2014,2,16,28.58,28.13,23.18,33.08,-1.90,-4.90,0.60,0.50,W/NW,26.60,16.53,1006.7
2014-02-17,2014,2,17,22.46,21.65,14.18,29.12,-5.30,-9.90,-1.60,0.00,NW,23.80,14.79,1022.8
2014-02-18,2014,2,18,23.54,24.62,14.18,35.06,-4.70,-9.90,1.70,5.60,N,16.90,10.50,1020.7
2014-02-19,2014,2,19,28.94,28.58,21.20,35.96,-1.70,-6.00,2.20,6.40,NULL,13.00,8.08,1013.3
2014-02-20,2014,2,20,38.66,40.55,33.08,48.02,3.70,0.60,8.90,2.00,W/SW,15.10,9.38,1019.6
2014-02-21,2014,2,21,37.04,39.02,33.98,44.06,2.80,1.10,6.70,5.60,NULL,14.40,8.95,1014.2
2014-02-22,2014,2,22,41.54,41.99,33.98,50.00,5.30,1.10,10.00,0.00,SW,23.00,14.29,1012.8
2014-02-23,2014,2,23,42.62,42.98,33.98,51.98,5.90,1.10,11.10,0.00,S/SW,9.70,6.03,1012.9
2014-02-24,2014,2,24,37.94,34.61,24.26,44.96,3.30,-4.30,7.20,0.00,W,26.30,16.34,1009.1
2014-02-25,2014,2,25,25.34,25.61,22.10,29.12,-3.70,-5.50,-1.60,0.00,W,16.90,10.50,1013.9
2014-02-26,2014,2,26,23.54,24.08,16.16,32.00,-4.70,-8.80,0.00,0.00,W/SW,18.70,11.62,1011.3
2014-02-27,2014,2,27,20.12,21.20,12.20,30.20,-6.60,-11.00,-1.00,0.50,NULL,19.10,11.87,1007.5
2014-02-28,2014,2,28,18.14,17.69,10.22,25.16,-7.70,-12.10,-3.80,0.00,W,19.10,11.87,1024
2014-12-01,2014,12,1,54.14,51.53,39.02,64.04,12.30,3.90,17.80,0.30,W,21.60,13.42,1019.6
2014-12-02,2014,12,2,37.76,37.58,33.08,42.08,3.20,0.60,5.60,2.50,NE,24.10,14.98,1036.4
2014-12-03,2014,12,3,43.70,44.06,37.04,51.08,6.50,2.80,10.60,11.20,W/SW,19.80,12.30,1018
2014-12-04,2014,12,4,40.28,36.59,30.20,42.98,4.60,-1.00,6.10,0.00,W,18.70,11.62,1026.4
2014-12-05,2014,12,5,32.90,34.16,26.24,42.08,0.50,-3.20,5.60,2.80,NE,16.90,10.50,1036.1
2014-12-06,2014,12,6,41.18,41.45,37.94,44.96,5.10,3.30,7.20,27.70,NULL,13.00,8.08,1024
2014-12-07,2014,12,7,35.78,29.57,21.20,37.94,2.10,-6.00,3.30,3.30,N,24.10,14.98,1032
2014-12-08,2014,12,8,21.92,23.63,18.14,29.12,-5.60,-7.70,-1.60,0.80,N,21.20,13.17,1039.1
2014-12-09,2014,12,9,38.48,39.02,29.12,48.92,3.60,-1.60,9.40,73.70,NE,31.70,19.70,1016
2014-12-10,2014,12,10,43.16,42.98,37.94,48.02,6.20,3.30,8.90,7.10,N,20.50,12.74,998.8
2014-12-11,2014,12,11,36.32,35.51,32.00,39.02,2.40,0.00,3.90,0.50,SW,20.90,12.99,1002.8
2014-12-12,2014,12,12,33.80,35.06,31.10,39.02,1.00,-0.50,3.90,0.00,W,17.30,10.75,1010.7
2014-12-13,2014,12,13,35.42,37.04,32.00,42.08,1.90,0.00,5.60,0.00,W/NW,18.70,11.62,1009.7
2014-12-14,2014,12,14,37.04,39.02,33.08,44.96,2.80,0.60,7.20,0.00,W/NW,15.80,9.82,1010.1
2014-12-15,2014,12,15,35.96,37.04,32.00,42.08,2.20,0.00,5.60,0.00,NULL,9.00,5.59,1017
2014-12-16,2014,12,16,38.12,39.56,35.06,44.06,3.40,1.70,6.70,0.00,NULL,6.80,4.23,1019.2
2014-12-17,2014,12,17,44.60,44.96,41.00,48.92,7.00,5.00,9.40,10.90,NW,18.40,11.43,1007.5
2014-12-18,2014,12,18,40.64,40.01,35.96,44.06,4.80,2.20,6.70,0.30,W,22.00,13.67,1008.3
2014-12-19,2014,12,19,35.78,33.08,29.12,37.04,2.10,-1.60,2.80,0.00,W/NW,17.60,10.94,1014.8
2014-12-20,2014,12,20,30.38,31.55,27.14,35.96,-0.90,-2.70,2.20,0.00,NULL,15.50,9.63,1024.5
2014-12-21,2014,12,21,33.26,33.08,30.20,35.96,0.70,-1.00,2.20,0.00,N,14.80,9.20,1026.6
2014-12-22,2014,12,22,36.68,38.57,33.08,44.06,2.60,0.60,6.70,1.30,NULL,12.20,7.58,1027.7
2014-12-23,2014,12,23,43.52,44.51,42.08,46.94,6.40,5.60,8.30,6.40,NE,20.50,12.74,1023.5
2014-12-24,2014,12,24,43.52,43.52,41.00,46.04,6.40,5.00,7.80,14.20,NULL,10.40,6.46,1013.8
2014-12-25,2014,12,25,50.18,51.53,44.06,59.00,10.10,6.70,15.00,3.60,NULL,22.70,14.11,NULL
2014-12-26,2014,12,26,44.42,43.52,37.04,50.00,6.90,2.80,10.00,0.00,W/SW,16.90,10.50,1019.3
2014-12-27,2014,12,27,44.42,44.96,37.94,51.98,6.90,3.30,11.10,0.00,W/SW,14.80,9.20,1020.8
2014-12-28,2014,12,28,46.22,45.95,39.92,51.98,7.90,4.40,11.10,0.30,W/SW,21.60,13.42,1011.5
2014-12-29,2014,12,29,39.38,35.60,30.20,41.00,4.10,-1.00,5.00,0.00,W,14.00,8.70,1019.5
2014-12-30,2014,12,30,27.68,26.15,22.10,30.20,-2.40,-5.50,-1.00,0.00,NW,15.80,9.82,1026.4
2014-12-31,2014,12,31,24.26,25.16,20.12,30.20,-4.30,-6.60,-1.00,0.00,W,15.10,9.38,1024.5
2015-01-01,2015,1,1,26.06,27.59,22.10,33.08,-3.30,-5.50,0.60,0.00,SW,23.00,14.29,1016.1
2015-01-02,2015,1,2,34.34,36.05,31.10,41.00,1.30,-0.50,5.00,0.00,W/SW,20.50,12.74,1019.8
2015-01-03,2015,1,3,28.22,29.57,22.10,37.04,-2.10,-5.50,2.80,15.70,NULL,16.60,10.31,1034.7
2015-01-04,2015,1,4,38.30,43.52,35.06,51.98,3.50,1.70,11.10,14.50,NULL,13.30,8.26,NULL
2015-01-05,2015,1,5,39.56,33.62,17.24,50.00,4.20,-8.20,10.00,0.00,W,35.60,22.12,1014.2
2015-01-06,2015,1,6,17.24,16.70,15.26,18.14,-8.20,-9.30,-7.70,0.50,NULL,14.00,8.70,1023.7
2015-01-07,2015,1,7,18.86,15.17,4.10,26.24,-7.30,-15.50,-3.20,0.00,W,25.20,15.66,1012.4
2015-01-08,2015,1,8,7.88,9.23,-0.76,19.22,-13.40,-18.20,-7.10,0.00,W,23.00,14.29,1024.3
2015-01-09,2015,1,9,23.36,24.71,19.22,30.20,-4.80,-7.10,-1.00,0.30,SW,23.00,14.29,1016.2
2015-01-10,2015,1,10,21.92,20.75,17.24,24.26,-5.60,-8.20,-4.30,0.00,W,18.70,11.62,1026.9
2015-01-11,2015,1,11,21.02,24.17,15.26,33.08,-6.10,-9.30,0.60,0.00,SW,15.50,9.63,1035.3
2015-01-12,2015,1,12,35.06,35.51,33.08,37.94,1.70,0.60,3.30,5.10,NULL,15.10,9.38,NULL
2015-01-13,2015,1,13,27.14,25.16,15.26,35.06,-2.70,-9.30,1.70,0.00,NULL,16.90,10.50,1032.9
2015-01-14,2015,1,14,18.32,19.67,14.18,25.16,-7.60,-9.90,-3.80,0.00,NW,14.00,8.70,1030.4
2015-01-15,2015,1,15,26.06,28.13,25.16,31.10,-3.30,-3.80,-0.50,3.00,W/NW,15.50,9.63,1016.5
2015-01-16,2015,1,16,28.22,26.60,15.26,37.94,-2.10,-9.30,3.30,0.00,W,25.20,15.66,1009.3
2015-01-17,2015,1,17,16.16,15.62,9.14,22.10,-8.80,-12.70,-5.50,0.00,W,17.60,10.94,1026.1
2015-01-18,2015,1,18,31.64,35.60,20.12,51.08,-0.20,-6.60,10.60,3.80,NULL,15.80,9.82,NULL
2015-01-19,2015,1,19,42.26,39.02,32.00,46.04,5.70,0.00,7.80,0.00,W,24.50,15.22,1003.9
2015-01-20,2015,1,20,33.44,33.08,27.14,39.02,0.80,-2.70,3.90,0.00,W,21.60,13.42,1009.9
2015-01-21,2015,1,21,27.14,28.04,22.10,33.98,-2.70,-5.50,1.10,0.00,NULL,10.80,6.71,1020.5
2015-01-22,2015,1,22,32.00,33.08,29.12,37.04,0.00,-1.60,2.80,0.00,NULL,11.20,6.96,1022.3
2015-01-23,2015,1,23,30.74,30.65,24.26,37.04,-0.70,-4.30,2.80,0.00,NULL,16.60,10.31,1021.3
2015-01-24,2015,1,24,32.36,32.54,31.10,33.98,0.20,-0.50,1.10,18.00,W/NW,16.60,10.31,999.7
2015-01-25,2015,1,25,33.44,28.58,19.22,37.94,0.80,-7.10,3.30,0.00,W,23.00,14.29,1003.2
2015-01-26,2015,1,26,20.12,20.12,11.12,29.12,-6.60,-11.60,-1.60,2.50,N,26.30,16.34,1018
2015-01-27,2015,1,27,18.32,16.70,14.18,19.22,-7.60,-9.90,-7.10,24.10,NULL,35.60,22.12,1002.1
2015-01-28,2015,1,28,16.52,18.68,13.10,24.26,-8.60,-10.50,-4.30,0.30,W/NW,20.50,12.74,1014
2015-01-29,2015,1,29,21.38,21.11,10.22,32.00,-5.90,-12.10,0.00,0.00,NULL,6.80,4.23,1023.7
2015-01-30,2015,1,30,30.74,26.60,19.22,33.98,-0.70,-7.10,1.10,1.50,W/SW,19.10,11.87,1009.7
2015-01-31,2015,1,31,18.32,16.16,11.12,21.20,-7.60,-11.60,-6.00,1.30,W/NW,35.30,21.93,1010.9
2015-02-01,2015,2,1,19.22,21.20,12.20,30.20,-7.10,-11.00,-1.00,0.00,W,19.10,11.87,1019.9
2015-02-02,2015,2,2,19.94,20.66,10.22,31.10,-6.70,-12.10,-0.50,19.80,N,29.20,18.14,NULL
2015-02-03,2015,2,3,13.10,14.18,6.26,22.10,-10.50,-14.30,-5.50,0.00,W,20.90,12.99,1019.5
2015-02-04,2015,2,4,23.18,26.06,14.18,37.94,-4.90,-9.90,3.30,0.30,S/SW,15.10,9.38,1021.6
2015-02-05,2015,2,5,30.74,21.56,7.16,35.96,-0.70,-13.80,2.20,2.30,W/NW,23.80,14.79,1013.8
2015-02-06,2015,2,6,11.66,13.19,5.18,21.20,-11.30,-14.90,-6.00,0.00,W,18.40,11.43,1019.3
2015-02-07,2015,2,7,22.64,22.64,16.16,29.12,-5.20,-8.80,-1.60,1.80,SW,17.30,10.75,NULL
2015-02-08,2015,2,8,25.52,21.11,13.10,29.12,-3.60,-10.50,-1.60,9.40,NULL,21.60,13.42,NULL
2015-02-09,2015,2,9,17.06,19.67,14.18,25.16,-8.30,-9.90,-3.80,22.40,NULL,24.10,14.98,1019.8
2015-02-10,2015,2,10,19.94,22.19,14.18,30.20,-6.70,-9.90,-1.00,1.30,N,18.00,11.18,1019.2
2015-02-11,2015,2,11,21.56,19.67,14.18,25.16,-5.80,-9.90,-3.80,0.30,N,18.70,11.62,1018.1
2015-02-12,2015,2,12,20.84,23.18,16.16,30.20,-6.20,-8.80,-1.00,0.80,NULL,8.60,5.34,NULL
2015-02-13,2015,2,13,16.16,14.63,7.16,22.10,-8.80,-13.80,-5.50,0.00,W/NW,24.80,15.41,1013.8
2015-02-14,2015,2,14,13.28,16.70,3.20,30.20,-10.40,-16.00,-1.00,5.80,NULL,15.50,9.63,1010.7
2015-02-15,2015,2,15,19.22,9.14,-1.84,20.12,-7.10,-18.80,-6.60,9.90,NW,33.50,20.82,1000
2015-02-16,2015,2,16,6.44,8.24,-2.74,19.22,-14.20,-19.30,-7.10,0.00,W,31.70,19.70,1013.1
2015-02-17,2015,2,17,14.54,16.70,10.22,23.18,-9.70,-12.10,-4.90,0.50,N/NW,12.60,7.83,1013.9
2015-02-18,2015,2,18,23.36,23.18,17.24,29.12,-4.80,-8.20,-1.60,0.30,NULL,8.60,5.34,1010.8
2015-02-19,2015,2,19,25.34,20.21,10.22,30.20,-3.70,-12.10,-1.00,1.50,W,22.70,14.11,NULL
2015-02-20,2015,2,20,11.48,12.65,5.18,20.12,-11.40,-14.90,-6.60,0.00,W,29.90,18.58,1016.3
2015-02-21,2015,2,21,16.70,19.04,4.10,33.98,-8.50,-15.50,1.10,4.30,S/SW,18.00,11.18,1029.1
2015-02-22,2015,2,22,33.44,33.62,28.22,39.02,0.80,-2.10,3.90,2.80,NULL,8.30,5.16,NULL
2015-02-23,2015,2,23,26.60,18.59,4.10,33.08,-3.00,-15.50,0.60,0.00,W/NW,23.40,14.54,1021.6
2015-02-24,2015,2,24,8.78,10.67,2.12,19.22,-12.90,-16.60,-7.10,0.00,SW,15.10,9.38,1022.5
2015-02-25,2015,2,25,23.00,24.62,14.18,35.06,-5.00,-9.90,1.70,1.80,NULL,17.30,10.75,1009
2015-02-26,2015,2,26,21.20,19.67,17.24,22.10,-6.00,-8.20,-5.50,0.50,NULL,14.80,9.20,1017.3
2015-02-27,2015,2,27,20.30,21.20,15.26,27.14,-6.50,-9.30,-2.70,0.00,NULL,13.30,8.26,1026.9
2015-02-28,2015,2,28,20.84,21.65,12.20,31.10,-6.20,-11.00,-0.50,0.00,NULL,14.00,8.70,1038.8
2015-12-01,2015,12,1,37.76,38.48,32.00,44.96,3.20,0.00,7.20,3.60,NULL,9.70,6.03,1025.4
2015-12-02,2015,12,2,42.98,45.05,39.02,51.08,6.10,3.90,10.60,8.10,NULL,6.10,3.79,NULL
2015-12-03,2015,12,3,48.20,46.49,41.00,51.98,9.00,5.00,11.10,0.00,NULL,22.70,14.11,NULL
2015-12-04,2015,12,4,42.62,42.98,37.94,48.02,5.90,3.30,8.90,0.00,W,17.30,10.75,1026.9
2015-12-05,2015,12,5,44.42,46.04,39.02,53.06,6.90,3.90,11.70,0.00,W/SW,10.80,6.71,1035.8
2015-12-06,2015,12,6,44.24,47.48,35.96,59.00,6.80,2.20,15.00,0.00,SW,13.00,8.08,1029.1
2015-12-07,2015,12,7,45.32,46.49,37.04,55.94,7.40,2.80,13.30,0.00,NULL,11.90,7.39,1019.1
2015-12-08,2015,12,8,42.08,40.55,37.04,44.06,5.60,2.80,6.70,0.00,N,16.90,10.50,1019.8
2015-12-09,2015,12,9,40.46,41.54,37.04,46.04,4.70,2.80,7.80,0.00,NULL,12.20,7.58,1020.9
2015-12-10,2015,12,10,48.02,50.45,42.98,57.92,8.90,6.10,14.40,0.00,NULL,7.90,4.91,1015.5
2015-12-11,2015,12,11,49.28,50.45,42.98,57.92,9.60,6.10,14.40,0.00,NULL,12.60,7.83,NULL
2015-12-12,2015,12,12,53.42,54.95,48.92,60.98,11.90,9.40,16.10,0.00,NULL,11.50,7.15,1018
2015-12-13,2015,12,13,50.72,49.55,46.04,53.06,10.40,7.80,11.70,0.00,NE,10.80,6.71,1022.2
2015-12-14,2015,12,14,47.12,51.98,46.04,57.92,8.40,7.80,14.40,10.70,NULL,6.80,4.23,1012.4
2015-12-15,2015,12,15,54.86,54.50,48.02,60.98,12.70,8.90,16.10,4.80,W,22.70,14.11,996.9
2015-12-16,2015,12,16,44.24,42.98,37.94,48.02,6.80,3.30,8.90,0.00,NE,14.00,8.70,1019.2
2015-12-17,2015,12,17,43.88,45.50,39.02,51.98,6.60,3.90,11.10,14.00,SE,13.00,8.08,1014.6
2015-12-18,2015,12,18,48.92,45.50,39.02,51.98,9.40,3.90,11.10,1.00,W/NW,16.90,10.50,1003.4
2015-12-19,2015,12,19,38.48,36.50,33.08,39.92,3.60,0.60,4.40,0.00,W,24.80,15.41,1011.9
2015-12-20,2015,12,20,35.78,36.05,31.10,41.00,2.10,-0.50,5.00,0.00,W/SW,16.60,10.31,1027.5
2015-12-21,2015,12,21,41.54,42.53,32.00,53.06,5.30,0.00,11.70,0.00,S/SW,25.90,16.09,1022.2
2015-12-22,2015,12,22,52.34,54.05,48.02,60.08,11.30,8.90,15.60,5.80,S/SW,14.40,8.95,1015.6
2015-12-23,2015,12,23,51.62,50.45,44.96,55.94,10.90,7.20,13.30,19.30,NULL,11.90,7.39,1021.8
2015-12-24,2015,12,24,54.68,58.55,48.02,69.08,12.60,8.90,20.60,6.10,NULL,13.00,8.08,NULL
2015-12-25,2015,12,25,57.38,55.49,48.92,62.06,14.10,9.40,16.70,0.00,NULL,9.00,5.59,1020.6
2015-12-26,2015,12,26,49.46,48.02,41.00,55.04,9.70,5.00,12.80,0.00,NE,10.80,6.71,1031.2
2015-12-27,2015,12,27,46.22,43.97,37.94,50.00,7.90,3.30,10.00,6.60,NULL,10.10,6.28,1014.3
2015-12-28,2015,12,28,35.42,33.53,29.12,37.94,1.90,-1.60,3.30,0.00,N,21.60,13.42,1030.3
2015-12-29,2015,12,29,33.26,32.09,24.26,39.92,0.70,-4.30,4.40,25.90,NE,29.20,18.14,NULL
2015-12-30,2015,12,30,26.42,31.10,25.16,37.04,-3.10,-3.80,2.80,0.80,N/NW,10.10,6.28,1026.1
2015-12-31,2015,12,31,37.76,40.01,33.08,46.94,3.20,0.60,8.30,2.00,NULL,14.00,8.70,1015.9
2016-01-01,2016,1,1,39.02,37.04,33.08,41.00,3.90,0.60,5.00,0.00,W/SW,20.50,12.74,1013.5
2016-01-02,2016,1,2,35.06,35.51,31.10,39.92,1.70,-0.50,4.40,0.00,W/SW,21.60,13.42,1013.3
2016-01-03,2016,1,3,35.96,37.58,31.10,44.06,2.20,-0.50,6.70,0.00,W/SW,18.70,11.62,1008.7
2016-01-04,2016,1,4,30.02,25.07,14.18,35.96,-1.10,-9.90,2.20,0.00,NW,19.80,12.30,1016.5
2016-01-05,2016,1,5,15.98,17.24,8.24,26.24,-8.90,-13.20,-3.20,0.00,W/NW,16.20,10.07,1033
2016-01-06,2016,1,6,29.84,33.08,21.20,44.96,-1.20,-6.00,7.20,0.00,SW,16.20,10.07,1031.1
2016-01-07,2016,1,7,33.08,34.61,26.24,42.98,0.60,-3.20,6.10,0.00,W/NW,10.40,6.46,1025.9
2016-01-08,2016,1,8,34.52,36.14,30.20,42.08,1.40,-1.00,5.60,0.00,N/NE,17.60,10.94,1024.6
2016-01-09,2016,1,9,39.56,39.47,37.94,41.00,4.20,3.30,5.00,0.30,NULL,9.70,6.03,1024.2
2016-01-10,2016,1,10,44.96,47.93,37.94,57.92,7.20,3.30,14.40,35.10,E/SE,24.10,14.98,1005.8
2016-01-11,2016,1,11,39.74,38.12,25.16,51.08,4.30,-3.80,10.60,0.00,W,31.00,19.26,1007.5
2016-01-12,2016,1,12,28.58,29.12,21.20,37.04,-1.90,-6.00,2.80,2.00,S,15.50,9.63,1012.3
2016-01-13,2016,1,13,29.30,27.14,21.20,33.08,-1.50,-6.00,0.60,0.00,W,31.70,19.70,1006.5
2016-01-14,2016,1,14,24.26,25.70,21.20,30.20,-4.30,-6.00,-1.00,0.00,W/SW,16.90,10.50,1012.6
2016-01-15,2016,1,15,31.28,34.16,26.24,42.08,-0.40,-3.20,5.60,0.00,NULL,10.40,6.46,1013.8
2016-01-16,2016,1,16,38.66,38.48,33.98,42.98,3.70,1.10,6.10,31.00,NW,15.10,9.38,999.1
2016-01-17,2016,1,17,35.24,33.53,29.12,37.94,1.80,-1.60,3.30,2.50,NW,15.10,9.38,1007.8
2016-01-18,2016,1,18,27.14,24.17,19.22,29.12,-2.70,-7.10,-1.60,2.80,W,27.00,16.78,NULL
2016-01-19,2016,1,19,20.12,20.66,16.16,25.16,-6.60,-8.80,-3.80,0.00,W,35.30,21.93,1007.2
2016-01-20,2016,1,20,23.54,26.15,19.22,33.08,-4.70,-7.10,0.60,0.00,W/NW,30.20,18.77,1015.6
2016-01-21,2016,1,21,26.96,27.14,21.20,33.08,-2.80,-6.00,0.60,0.00,W/NW,22.30,13.86,1017.2
2016-01-22,2016,1,22,24.26,25.61,19.22,32.00,-4.30,-7.10,0.00,0.00,NW,18.40,11.43,1021.8
2016-01-23,2016,1,23,28.58,26.06,20.12,32.00,-1.90,-6.60,0.00,9.40,N,32.80,20.38,1013.6
2016-01-24,2016,1,24,24.62,27.05,18.14,35.96,-4.10,-7.70,2.20,0.00,NULL,18.00,11.18,1011.3
2016-01-25,2016,1,25,30.92,30.65,26.24,35.06,-0.60,-3.20,1.70,0.00,NULL,11.50,7.15,1023.2
2016-01-26,2016,1,26,36.68,39.65,28.22,51.08,2.60,-2.10,10.60,0.00,S/SW,23.00,14.29,1015.6
2016-01-27,2016,1,27,42.98,38.03,31.10,44.96,6.10,-0.50,7.20,0.00,W,19.40,12.05,1014.1
2016-01-28,2016,1,28,33.98,34.16,26.24,42.08,1.10,-3.20,5.60,0.00,S/SW,13.00,8.08,1013.7
2016-01-29,2016,1,29,35.78,37.04,33.08,41.00,2.10,0.60,5.00,0.00,NULL,11.90,7.39,999
2016-01-30,2016,1,30,35.96,36.59,30.20,42.98,2.20,-1.00,6.10,0.00,W/SW,22.00,13.67,1012.5
2016-01-31,2016,1,31,42.98,47.48,37.94,57.02,6.10,3.30,13.90,0.00,S/SW,19.10,11.87,1011.3
2016-02-01,2016,2,1,49.46,51.98,39.02,64.94,9.70,3.90,18.30,0.00,W/SW,22.30,13.86,1008.1
2016-02-02,2016,2,2,43.88,42.98,35.96,50.00,6.60,2.20,10.00,0.00,W,11.20,6.96,1024.2
2016-02-03,2016,2,3,41.54,46.04,35.06,57.02,5.30,1.70,13.90,8.40,S/SE,23.40,14.54,NULL
2016-02-04,2016,2,4,54.50,49.46,42.98,55.94,12.50,6.10,13.30,0.30,W,16.90,10.50,1013.9
2016-02-05,2016,2,5,37.04,34.07,25.16,42.98,2.80,-3.80,6.10,24.40,N/NW,21.60,13.42,NULL
2016-02-06,2016,2,6,28.76,29.66,24.26,35.06,-1.80,-4.30,1.70,0.00,W/SW,16.90,10.50,1026.1
2016-02-07,2016,2,7,33.62,36.59,29.12,44.06,0.90,-1.60,6.70,0.00,S,15.80,9.82,1020.7
2016-02-08,2016,2,8,28.94,28.04,18.14,37.94,-1.70,-7.70,3.30,13.50,N,34.20,21.25,1010.2
2016-02-09,2016,2,9,22.64,24.62,20.12,29.12,-5.20,-6.60,-1.60,0.00,NULL,10.10,6.28,1004.9
2016-02-10,2016,2,10,28.40,28.04,20.12,35.96,-2.00,-6.60,2.20,0.00,NULL,10.80,6.71,1002.3
2016-02-11,2016,2,11,27.68,21.11,11.12,31.10,-2.40,-11.60,-0.50,0.30,W,27.00,16.78,1007.6
2016-02-12,2016,2,12,14.54,16.25,8.24,24.26,-9.70,-13.20,-4.30,0.00,W/SW,18.70,11.62,1018.7
2016-02-13,2016,2,13,19.94,10.22,-3.82,24.26,-6.70,-19.90,-4.30,0.00,W,26.30,16.34,1012.8
2016-02-14,2016,2,14,0.14,1.67,-8.86,12.20,-17.70,-22.70,-11.00,0.00,W/NW,27.70,17.21,1027.8
2016-02-15,2016,2,15,11.12,19.58,4.10,35.06,-11.60,-15.50,1.70,6.60,NULL,10.10,6.28,1033.1
2016-02-16,2016,2,16,39.74,42.53,31.10,53.96,4.30,-0.50,12.20,16.80,NULL,23.00,14.29,NULL
2016-02-17,2016,2,17,41.54,40.01,33.98,46.04,5.30,1.10,7.80,0.00,W,17.30,10.75,1011.6
2016-02-18,2016,2,18,32.72,29.66,24.26,35.06,0.40,-4.30,1.70,0.00,NW,19.40,12.05,1026.6
2016-02-19,2016,2,19,27.68,28.58,20.12,37.04,-2.40,-6.60,2.80,0.00,NULL,14.40,8.95,1031.4
2016-02-20,2016,2,20,42.98,46.58,33.08,60.08,6.10,0.60,15.60,0.30,S,22.30,13.86,1012.4
2016-02-21,2016,2,21,49.64,48.02,42.08,53.96,9.80,5.60,12.20,0.00,W,20.20,12.55,1010.4
2016-02-22,2016,2,22,39.74,36.59,30.20,42.98,4.30,-1.00,6.10,0.00,N/NE,13.30,8.26,1019.9
2016-02-23,2016,2,23,32.54,32.63,26.24,39.02,0.30,-3.20,3.90,0.00,NULL,18.40,11.43,1029.9
2016-02-24,2016,2,24,38.84,47.48,37.94,57.02,3.80,3.30,13.90,15.00,NE,19.40,12.05,NULL
2016-02-25,2016,2,25,53.78,51.53,41.00,62.06,12.10,5.00,16.70,20.60,S/SW,35.60,22.12,990.5
2016-02-26,2016,2,26,38.30,33.62,26.24,41.00,3.50,-3.20,5.00,0.00,W,30.60,19.01,1003.9
2016-02-27,2016,2,27,28.58,30.11,21.20,39.02,-1.90,-6.00,3.90,0.00,NULL,19.80,12.30,1015.3
2016-02-28,2016,2,28,42.44,46.94,35.96,57.92,5.80,2.20,14.40,0.00,SW,23.40,14.54,1009.6
2016-02-29,2016,2,29,50.18,53.51,42.98,64.04,10.10,6.10,17.80,0.00,SW,26.30,16.34,1002.8
2016-12-01,2016,12,1,50.18,50.00,42.98,57.02,10.10,6.10,13.90,7.90,W,25.20,15.66,1000.5
2016-12-02,2016,12,2,44.96,44.51,37.94,51.08,7.20,3.30,10.60,0.00,W/SW,23.00,14.29,1007.2
2016-12-03,2016,12,3,41.72,39.56,35.06,44.06,5.40,1.70,6.70,0.00,W/NW,25.20,15.66,1011.8
2016-12-04,2016,12,4,36.86,36.59,31.10,42.08,2.70,-0.50,5.60,0.00,NW,16.20,10.07,1021.3
2016-12-05,2016,12,5,34.34,35.51,31.10,39.92,1.30,-0.50,4.40,3.60,NULL,12.60,7.83,NULL
2016-12-06,2016,12,6,38.84,39.02,33.98,44.06,3.80,1.10,6.70,0.00,N/NW,12.20,7.58,1018.1
2016-12-07,2016,12,7,39.92,39.02,35.96,42.08,4.40,2.20,5.60,2.00,NULL,12.20,7.58,1015
2016-12-08,2016,12,8,39.02,38.48,33.98,42.98,3.90,1.10,6.10,0.00,W/SW,17.60,10.94,1011.8
2016-12-09,2016,12,9,34.16,31.10,25.16,37.04,1.20,-3.80,2.80,0.00,W,25.90,16.09,1014.9
2016-12-10,2016,12,10,25.52,25.16,21.20,29.12,-3.60,-6.00,-1.60,0.00,W/NW,19.10,11.87,1026
2016-12-11,2016,12,11,26.06,27.59,20.12,35.06,-3.30,-6.60,1.70,0.50,W/SW,11.90,7.39,1031.4
2016-12-12,2016,12,12,36.50,36.59,29.12,44.06,2.50,-1.60,6.70,10.70,S/SW,18.00,11.18,1012.4
2016-12-13,2016,12,13,38.12,39.02,35.06,42.98,3.40,1.70,6.10,0.00,W/SW,16.90,10.50,1017.3
2016-12-14,2016,12,14,37.58,34.61,27.14,42.08,3.10,-2.70,5.60,0.00,W,18.00,11.18,1012.7
2016-12-15,2016,12,15,27.14,23.09,14.18,32.00,-2.70,-9.90,0.00,0.00,W,35.30,21.93,1007.6
2016-12-16,2016,12,16,12.56,12.65,4.10,21.20,-10.80,-15.50,-6.00,0.00,W,22.70,14.11,1026.4
2016-12-17,2016,12,17,25.88,28.58,21.20,35.96,-3.40,-6.00,2.20,13.50,S,11.50,7.15,NULL
2016-12-18,2016,12,18,44.42,45.05,33.08,57.02,6.90,0.60,13.90,2.80,SW,28.10,17.46,1011.9
2016-12-19,2016,12,19,27.32,26.15,19.22,33.08,-2.60,-7.10,0.60,0.00,N/NW,18.40,11.43,1037.7
2016-12-20,2016,12,20,23.72,26.06,18.14,33.98,-4.60,-7.70,1.10,0.00,NULL,13.30,8.26,1031.4
2016-12-21,2016,12,21,35.24,37.04,29.12,44.96,1.80,-1.60,7.20,0.00,W/SW,18.40,11.43,1019.1
2016-12-22,2016,12,22,35.24,35.06,31.10,39.02,1.80,-0.50,3.90,0.50,SW,12.60,7.83,1016.8
2016-12-23,2016,12,23,38.66,40.55,35.06,46.04,3.70,1.70,7.80,0.00,W,17.60,10.94,1025.2
2016-12-24,2016,12,24,39.92,40.01,35.06,44.96,4.40,1.70,7.20,9.70,SW,18.70,11.62,1020.6
2016-12-25,2016,12,25,39.56,36.05,27.14,44.96,4.20,-2.70,7.20,0.00,W/NW,19.10,11.87,1030
2016-12-26,2016,12,26,30.38,36.14,24.26,48.02,-0.90,-4.30,8.90,0.30,NE,16.60,10.31,1036.3
2016-12-27,2016,12,27,50.90,48.47,39.02,57.92,10.50,3.90,14.40,0.00,W/SW,32.00,19.88,1008.1
2016-12-28,2016,12,28,39.20,37.04,32.00,42.08,4.00,0.00,5.60,0.00,W/NW,17.30,10.75,1016.1
2016-12-29,2016,12,29,34.88,36.05,29.12,42.98,1.60,-1.60,6.10,29.50,NULL,18.40,11.43,1009
2016-12-30,2016,12,30,36.32,35.60,30.20,41.00,2.40,-1.00,5.00,0.00,W,28.40,17.65,998.9
2016-12-31,2016,12,31,31.46,34.16,26.24,42.08,-0.30,-3.20,5.60,1.80,SW,22.70,14.11,1016
2017-01-01,2017,1,1,39.92,38.57,33.08,44.06,4.40,0.60,6.70,1.80,W,22.70,14.11,1019.2
2017-01-02,2017,1,2,35.06,34.61,28.22,41.00,1.70,-2.10,5.00,0.00,NULL,7.20,4.47,1032.7
2017-01-03,2017,1,3,41.36,41.99,39.92,44.06,5.20,4.40,6.70,22.60,E/NE,29.20,18.14,1016.4
2017-01-04,2017,1,4,42.62,40.55,33.08,48.02,5.90,0.60,8.90,1.50,W,20.20,12.55,995.8
2017-01-05,2017,1,5,31.82,30.56,27.14,33.98,-0.10,-2.70,1.10,0.00,W/SW,23.80,14.79,1009.7
2017-01-06,2017,1,6,28.76,27.68,24.26,31.10,-1.80,-4.30,-0.50,1.50,W/NW,13.00,8.08,1017.5
2017-01-07,2017,1,7,22.64,20.75,17.24,24.26,-5.20,-8.20,-4.30,13.50,N/NW,23.00,14.29,1023.1
2017-01-08,2017,1,8,17.96,17.60,13.10,22.10,-7.80,-10.50,-5.50,0.30,W/NW,21.60,13.42,1022.5
2017-01-09,2017,1,9,15.44,15.62,11.12,20.12,-9.20,-11.60,-6.60,0.00,W/SW,18.00,11.18,1037.4
2017-01-10,2017,1,10,22.82,27.59,16.16,39.02,-5.10,-8.80,3.90,3.60,NULL,15.10,9.38,1035.3
2017-01-11,2017,1,11,45.32,47.03,39.02,55.04,7.40,3.90,12.80,2.30,S/SW,24.10,14.98,1023.3
2017-01-12,2017,1,12,50.18,50.99,41.00,60.98,10.10,5.00,16.10,3.80,S/SW,23.40,14.54,1016.3
2017-01-13,2017,1,13,48.56,41.54,25.16,57.92,9.20,-3.80,14.40,0.00,W/NW,26.30,16.34,1025.8
2017-01-14,2017,1,14,25.88,24.62,18.14,31.10,-3.40,-7.70,-0.50,0.00,NULL,15.50,9.63,1035
2017-01-15,2017,1,15,31.46,32.09,27.14,37.04,-0.30,-2.70,2.80,0.00,W/NW,14.80,9.20,1025.9
2017-01-16,2017,1,16,31.28,32.63,23.18,42.08,-0.40,-4.90,5.60,0.00,NULL,15.50,9.63,1027.7
2017-01-17,2017,1,17,37.22,37.04,32.00,42.08,2.90,0.00,5.60,7.60,NE,18.40,11.43,1022.5
2017-01-18,2017,1,18,37.76,35.96,32.00,39.92,3.20,0.00,4.40,9.10,NE,22.30,13.86,1016.3
2017-01-19,2017,1,19,36.68,38.57,31.10,46.04,2.60,-0.50,7.80,0.00,NULL,13.00,8.08,1015.7
2017-01-20,2017,1,20,38.12,36.95,33.98,39.92,3.40,1.10,4.40,0.00,NULL,8.60,5.34,1015.5
2017-01-21,2017,1,21,42.80,46.04,37.04,55.04,6.00,2.80,12.80,0.00,SW,11.50,7.15,1009.4
2017-01-22,2017,1,22,43.88,43.52,39.02,48.02,6.60,3.90,8.90,1.50,NULL,17.60,10.94,NULL
2017-01-23,2017,1,23,37.94,37.49,35.06,39.92,3.30,1.70,4.40,7.90,E/NE,40.70,25.29,1014.6
2017-01-24,2017,1,24,38.84,38.57,35.06,42.08,3.80,1.70,5.60,27.70,N,39.20,24.36,NULL
2017-01-25,2017,1,25,38.48,40.01,35.96,44.06,3.60,2.20,6.70,0.50,W,25.20,15.66,997.7
2017-01-26,2017,1,26,42.26,44.06,37.04,51.08,5.70,2.80,10.60,1.30,SW,21.60,13.42,994
2017-01-27,2017,1,27,40.64,40.01,35.96,44.06,4.80,2.20,6.70,0.00,W/SW,28.40,17.65,996.7
2017-01-28,2017,1,28,37.22,35.96,32.00,39.92,2.90,0.00,4.40,0.00,W/SW,24.50,15.22,1000.3
2017-01-29,2017,1,29,35.96,36.59,30.20,42.98,2.20,-1.00,6.10,0.00,W/SW,18.40,11.43,1004.7
2017-01-30,2017,1,30,32.90,30.11,24.26,35.96,0.50,-4.30,2.20,0.00,W/NW,15.80,9.82,1007.6
2017-01-31,2017,1,31,24.98,24.17,20.12,28.22,-3.90,-6.60,-2.10,1.50,SW,11.90,7.39,1013.1
2017-02-01,2017,2,1,32.18,35.06,27.14,42.98,0.10,-2.70,6.10,1.30,W,16.20,10.07,1011.6
2017-02-02,2017,2,2,35.78,34.52,29.12,39.92,2.10,-1.60,4.40,0.00,W,21.60,13.42,1016.2
2017-02-03,2017,2,3,29.66,29.12,25.16,33.08,-1.30,-3.80,0.60,0.00,W,18.70,11.62,1019.6
2017-02-04,2017,2,4,26.78,27.14,21.20,33.08,-2.90,-6.00,0.60,0.00,W,21.20,13.17,1022.7
2017-02-05,2017,2,5,32.18,35.15,26.24,44.06,0.10,-3.20,6.70,0.00,SW,21.60,13.42,1014.1
2017-02-06,2017,2,6,35.96,35.51,32.00,39.02,2.20,0.00,3.90,0.00,W,22.70,14.11,1015.9
2017-02-07,2017,2,7,34.52,35.51,33.08,37.94,1.40,0.60,3.30,11.20,E/NE,26.60,16.53,1016
2017-02-08,2017,2,8,36.68,38.57,25.16,51.98,2.60,-3.80,11.10,0.50,W/NW,14.80,9.20,1003.5
2017-02-09,2017,2,9,32.36,25.07,11.12,39.02,0.20,-11.60,3.90,31.80,N,33.80,21.00,1002.8
2017-02-10,2017,2,10,16.52,18.14,11.12,25.16,-8.60,-11.60,-3.80,0.00,W/NW,20.90,12.99,1018.3
2017-02-11,2017,2,11,20.84,22.73,15.26,30.20,-6.20,-9.30,-1.00,5.30,N/NW,14.40,8.95,NULL
2017-02-12,2017,2,12,25.34,27.14,19.22,35.06,-3.70,-7.10,1.70,19.60,NULL,23.40,14.54,NULL
2017-02-13,2017,2,13,30.38,29.12,24.26,33.98,-0.90,-4.30,1.10,2.30,NW,32.00,19.88,NULL
2017-02-14,2017,2,14,27.14,28.04,22.10,33.98,-2.70,-5.50,1.10,0.00,NULL,15.50,9.63,1010.5
2017-02-15,2017,2,15,32.36,33.53,27.14,39.92,0.20,-2.70,4.40,5.60,S/SE,11.20,6.96,998.3
2017-02-16,2017,2,16,33.44,31.10,27.14,35.06,0.80,-2.70,1.70,1.80,W/NW,26.30,16.34,995.6
2017-02-17,2017,2,17,30.38,32.09,23.18,41.00,-0.90,-4.90,5.00,0.00,W,22.30,13.86,1005.1
2017-02-18,2017,2,18,36.32,37.58,26.24,48.92,2.40,-3.20,9.40,0.00,SW,22.00,13.67,1005.5
2017-02-19,2017,2,19,48.74,49.01,39.02,59.00,9.30,3.90,15.00,0.00,W/SW,17.30,10.75,1005.7
2017-02-20,2017,2,20,44.24,40.55,33.08,48.02,6.80,0.60,8.90,0.00,NW,18.00,11.18,1020.6
2017-02-21,2017,2,21,35.42,35.06,30.20,39.92,1.90,-1.00,4.40,0.00,NE,14.80,9.20,1026.1
2017-02-22,2017,2,22,42.62,46.94,37.94,55.94,5.90,3.30,13.30,0.00,S/SW,13.00,8.08,1014.9
2017-02-23,2017,2,23,49.28,53.51,39.02,68.00,9.60,3.90,20.00,0.00,S/SW,19.80,12.30,1010
2017-02-24,2017,2,24,56.84,59.54,46.04,73.04,13.80,7.80,22.80,0.00,S,19.10,11.87,1012.3
2017-02-25,2017,2,25,57.02,59.00,48.92,69.08,13.90,9.40,20.60,2.50,S,17.60,10.94,NULL
2017-02-26,2017,2,26,44.42,40.46,32.00,48.92,6.90,0.00,9.40,0.00,W,28.10,17.46,1009.7
2017-02-27,2017,2,27,39.56,42.62,30.20,55.04,4.20,-1.00,12.80,0.00,SW,27.00,16.78,1025.8
2017-02-28,2017,2,28,44.06,45.05,39.02,51.08,6.70,3.90,10.60,0.00,S/SE,12.20,7.58,1026.5
2017-12-01,2017,12,1,46.22,44.51,37.94,51.08,7.90,3.30,10.60,2.30,W/NW,16.60,10.31,1019.7
2017-12-02,2017,12,2,39.02,38.48,33.98,42.98,3.90,1.10,6.10,0.00,NULL,8.30,5.16,1025.2
2017-12-03,2017,12,3,39.38,39.02,33.98,44.06,4.10,1.10,6.70,0.00,N,7.90,4.91,1024.2
2017-12-04,2017,12,4,38.84,38.03,33.08,42.98,3.80,0.60,6.10,0.00,N/NE,11.50,7.15,1030.6
2017-12-05,2017,12,5,41.36,48.47,37.94,59.00,5.20,3.30,15.00,2.00,S/SE,25.60,15.91,1023.5
2017-12-06,2017,12,6,51.08,46.94,35.96,57.92,10.60,2.20,14.40,11.70,W/SW,22.70,14.11,NULL
2017-12-07,2017,12,7,39.02,40.01,33.08,46.94,3.90,0.60,8.30,0.00,W/SW,18.40,11.43,1013
2017-12-08,2017,12,8,36.68,35.06,31.10,39.02,2.60,-0.50,3.90,0.00,SW,15.50,9.63,1016
2017-12-09,2017,12,9,34.70,34.07,31.10,37.04,1.50,-0.50,2.80,16.80,NW,12.20,7.58,NULL
2017-12-10,2017,12,10,33.26,34.52,31.10,37.94,0.70,-0.50,3.30,0.80,W,19.80,12.30,1008.5
2017-12-11,2017,12,11,34.16,35.51,32.00,39.02,1.20,0.00,3.90,0.00,W,15.10,9.38,1015
2017-12-12,2017,12,12,38.84,39.56,33.08,46.04,3.80,0.60,7.80,1.00,SE,18.40,11.43,1003.1
2017-12-13,2017,12,13,28.40,29.03,22.10,35.96,-2.00,-5.50,2.20,0.00,W,33.80,21.00,993.2
2017-12-14,2017,12,14,24.44,24.71,19.22,30.20,-4.20,-7.10,-1.00,0.00,W,23.80,14.79,1005.9
2017-12-15,2017,12,15,21.74,22.19,17.24,27.14,-5.70,-8.20,-2.70,0.00,SW,11.90,7.39,1015.6
2017-12-16,2017,12,16,27.14,28.04,22.10,33.98,-2.70,-5.50,1.10,0.00,W,22.00,13.67,1013.5
2017-12-17,2017,12,17,25.34,25.61,20.12,31.10,-3.70,-6.60,-0.50,0.00,NW,15.50,9.63,1024.1
2017-12-18,2017,12,18,27.14,30.02,22.10,37.94,-2.70,-5.50,3.30,0.00,NULL,5.80,3.60,1018.6
2017-12-19,2017,12,19,40.10,42.53,33.98,51.08,4.50,1.10,10.60,0.00,SW,18.40,11.43,1007.1
2017-12-20,2017,12,20,43.34,39.02,31.10,46.94,6.30,-0.50,8.30,0.00,W,25.20,15.66,1008.2
2017-12-21,2017,12,21,30.74,29.66,26.24,33.08,-0.70,-3.20,0.60,0.00,NW,16.20,10.07,1020.9
2017-12-22,2017,12,22,26.96,30.56,23.18,37.94,-2.80,-4.90,3.30,2.50,N/NE,14.40,8.95,1026.7
2017-12-23,2017,12,23,30.02,34.07,25.16,42.98,-1.10,-3.80,6.10,14.70,NW,12.60,7.83,1014
2017-12-24,2017,12,24,35.78,35.51,32.00,39.02,2.10,0.00,3.90,0.00,NULL,18.00,11.18,1020
2017-12-25,2017,12,25,33.26,30.56,23.18,37.94,0.70,-4.90,3.30,11.20,W/NW,30.60,19.01,NULL
2017-12-26,2017,12,26,25.52,23.18,19.22,27.14,-3.60,-7.10,-2.70,0.00,W,24.50,15.22,1024.9
2017-12-27,2017,12,27,17.60,16.16,12.20,20.12,-8.00,-11.00,-6.60,0.00,W,21.60,13.42,1030
2017-12-28,2017,12,28,10.22,8.69,5.18,12.20,-12.10,-14.90,-11.00,0.00,W,27.70,17.21,1028
2017-12-29,2017,12,29,6.44,8.15,2.12,14.18,-14.20,-16.60,-9.90,0.00,W,18.70,11.62,1023.5
2017-12-30,2017,12,30,10.94,12.20,6.26,18.14,-11.70,-14.30,-7.70,0.30,W,13.70,8.51,1017.1
2017-12-31,2017,12,31,11.66,8.60,4.10,13.10,-11.30,-15.50,-10.50,0.00,W/NW,24.80,15.41,1019.2
2018-01-01,2018,1,1,5.54,6.62,0.14,13.10,-14.70,-17.70,-10.50,0.00,W/NW,26.30,16.34,1023.6
2018-01-02,2018,1,2,9.86,11.66,4.10,19.22,-12.30,-15.50,-7.10,0.00,W,20.50,12.74,1024.6
2018-01-03,2018,1,3,20.84,22.64,16.16,29.12,-6.20,-8.80,-1.60,0.00,SW,15.10,9.38,1023.7
2018-01-04,2018,1,4,25.52,26.15,22.10,30.20,-3.60,-5.50,-1.00,34.30,N/NW,36.40,22.62,NULL
2018-01-05,2018,1,5,17.96,15.26,6.26,24.26,-7.80,-14.30,-4.30,0.00,W,40.00,24.85,997.6
2018-01-06,2018,1,6,8.42,6.71,1.22,12.20,-13.10,-17.10,-11.00,0.00,W,35.30,21.93,1014.6
2018-01-07,2018,1,7,4.82,7.70,-1.84,17.24,-15.10,-18.80,-8.20,0.00,W,25.90,16.09,1029.2
2018-01-08,2018,1,8,24.26,26.15,17.24,35.06,-4.30,-8.20,1.70,0.00,SW,27.00,16.78,1018.9
2018-01-09,2018,1,9,35.24,37.04,31.10,42.98,1.80,-0.50,6.10,0.00,W/SW,22.30,13.86,1017.3
2018-01-10,2018,1,10,31.28,30.56,25.16,35.96,-0.40,-3.80,2.20,0.00,NULL,11.90,7.39,1030.3
2018-01-11,2018,1,11,39.38,42.08,33.08,51.08,4.10,0.60,10.60,0.00,S/SW,18.00,11.18,1026.9
2018-01-12,2018,1,12,49.64,49.55,39.02,60.08,9.80,3.90,15.60,15.70,S,23.80,14.79,1014
2018-01-13,2018,1,13,50.36,40.10,19.22,60.98,10.20,-7.10,16.10,31.50,W/SW,32.40,20.13,1007
2018-01-14,2018,1,14,19.22,18.68,14.18,23.18,-7.10,-9.90,-4.90,0.00,N/NW,18.70,11.62,1034.5
2018-01-15,2018,1,15,15.98,16.70,12.20,21.20,-8.90,-11.00,-6.00,0.00,NULL,22.00,13.67,1038.3
2018-01-16,2018,1,16,24.44,26.60,20.12,33.08,-4.20,-6.60,0.60,0.00,NULL,8.30,5.16,1032.4
2018-01-17,2018,1,17,32.36,32.54,31.10,33.98,0.20,-0.50,1.10,5.30,N/NE,10.40,6.46,1023.4
2018-01-18,2018,1,18,28.22,26.60,21.20,32.00,-2.10,-6.00,0.00,0.00,W/NW,18.00,11.18,1014
2018-01-19,2018,1,19,27.68,28.58,23.18,33.98,-2.40,-4.90,1.10,0.00,NULL,15.50,9.63,1014
2018-01-20,2018,1,20,37.22,38.03,29.12,46.94,2.90,-1.60,8.30,0.00,SW,23.00,14.29,1008.4
2018-01-21,2018,1,21,42.44,41.45,33.98,48.92,5.80,1.10,9.40,0.00,NULL,9.70,6.03,1019.2
2018-01-22,2018,1,22,36.32,36.50,33.98,39.02,2.40,1.10,3.90,1.50,NULL,7.90,4.91,NULL
2018-01-23,2018,1,23,38.30,43.52,32.00,55.04,3.50,0.00,12.80,32.00,NULL,14.80,9.20,NULL
2018-01-24,2018,1,24,38.48,33.17,24.26,42.08,3.60,-4.30,5.60,0.00,W,23.40,14.54,1009.2
2018-01-25,2018,1,25,25.52,25.70,21.20,30.20,-3.60,-6.00,-1.00,0.00,W/NW,25.90,16.09,1024.4
2018-01-26,2018,1,26,24.80,26.60,19.22,33.98,-4.00,-7.10,1.10,0.00,NULL,18.40,11.43,1036.5
2018-01-27,2018,1,27,36.50,39.11,25.16,53.06,2.50,-3.80,11.70,0.00,S/SW,26.30,16.34,1028.6
2018-01-28,2018,1,28,48.92,47.48,42.98,51.98,9.40,6.10,11.10,0.80,W/SW,16.60,10.31,1022.7
2018-01-29,2018,1,29,38.48,35.60,28.22,42.98,3.60,-2.10,6.10,0.00,N/NE,25.60,15.91,1023.8
2018-01-30,2018,1,30,26.78,25.61,20.12,31.10,-2.90,-6.60,-0.50,3.80,N/NW,24.50,15.22,1013.7
2018-01-31,2018,1,31,24.26,24.17,18.14,30.20,-4.30,-7.70,-1.00,0.00,W/SW,21.20,13.17,1019.3
2018-02-01,2018,2,1,34.70,38.12,30.20,46.04,1.50,-1.00,7.80,1.00,S/SW,21.60,13.42,1013.8
2018-02-02,2018,2,2,32.36,25.07,12.20,37.94,0.20,-11.00,3.30,6.40,W,28.10,17.46,1011.8
2018-02-03,2018,2,3,17.06,19.22,10.22,28.22,-8.30,-12.10,-2.10,0.00,SW,20.90,12.99,1027
2018-02-04,2018,2,4,32.36,34.61,26.24,42.98,0.20,-3.20,6.10,7.40,S,17.30,10.75,NULL
2018-02-05,2018,2,5,39.74,33.62,24.26,42.98,4.30,-4.30,6.10,9.10,W/NW,21.60,13.42,NULL
2018-02-06,2018,2,6,26.96,28.04,22.10,33.98,-2.80,-5.50,1.10,0.00,W/SW,13.30,8.26,1028.3
2018-02-07,2018,2,7,29.84,33.08,23.18,42.98,-1.20,-4.90,6.10,16.50,NULL,11.90,7.39,1024.2
2018-02-08,2018,2,8,29.84,28.04,22.10,33.98,-1.20,-5.50,1.10,0.00,W/NW,21.60,13.42,1023.5
2018-02-09,2018,2,9,26.78,27.05,22.10,32.00,-2.90,-5.50,0.00,0.00,W/SW,18.40,11.43,1032.4
2018-02-10,2018,2,10,38.84,41.09,30.20,51.98,3.80,-1.00,11.10,4.10,S,13.70,8.51,1023.8
2018-02-11,2018,2,11,43.16,43.43,37.94,48.92,6.20,3.30,9.40,17.50,N,11.50,7.15,NULL
2018-02-12,2018,2,12,41.00,40.55,33.08,48.02,5.00,0.60,8.90,0.00,NULL,16.90,10.50,1023
2018-02-13,2018,2,13,29.66,29.12,25.16,33.08,-1.30,-3.80,0.60,0.00,N,16.20,10.07,1040.8
2018-02-14,2018,2,14,35.06,37.58,28.22,46.94,1.70,-2.10,8.30,0.00,S/SW,18.00,11.18,1024.1
2018-02-15,2018,2,15,42.08,41.99,35.06,48.92,5.60,1.70,9.40,0.00,S/SW,13.70,8.51,1009.8
2018-02-16,2018,2,16,48.74,43.97,33.98,53.96,9.30,1.10,12.20,0.50,W,17.60,10.94,1003.5
2018-02-17,2018,2,17,33.08,31.10,27.14,35.06,0.60,-2.70,1.70,4.30,NE,18.70,11.62,1025.6
2018-02-18,2018,2,18,35.60,38.03,32.00,44.06,2.00,0.00,6.70,8.90,NW,16.60,10.31,1022.1
2018-02-19,2018,2,19,37.94,38.12,26.24,50.00,3.30,-3.20,10.00,1.50,S/SW,20.20,12.55,1031
2018-02-20,2018,2,20,55.22,56.03,42.08,69.98,12.90,5.60,21.10,0.30,S/SW,17.30,10.75,1023.8
2018-02-21,2018,2,21,55.76,56.48,41.00,71.96,13.20,5.00,22.20,0.00,SW,23.00,14.29,1022.8
2018-02-22,2018,2,22,46.22,43.52,32.00,55.04,7.90,0.00,12.80,2.00,NULL,15.50,9.63,1036.4
2018-02-23,2018,2,23,35.06,35.51,31.10,39.92,1.70,-0.50,4.40,3.00,E/NE,14.80,9.20,1033.7
2018-02-24,2018,2,24,44.96,46.04,37.04,55.04,7.20,2.80,12.80,0.00,W/NW,16.60,10.31,1019.6
2018-02-25,2018,2,25,39.74,39.02,37.04,41.00,4.30,2.80,5.00,13.00,E/NE,23.00,14.29,1020.9
2018-02-26,2018,2,26,42.98,44.51,37.94,51.08,6.10,3.30,10.60,0.00,W,16.90,10.50,1017.7
2018-02-27,2018,2,27,43.70,44.51,35.96,53.06,6.50,2.20,11.70,0.00,W,15.10,9.38,1024.1
2018-02-28,2018,2,28,47.30,49.55,39.02,60.08,8.50,3.90,15.60,0.30,S/SW,19.40,12.05,1015.3
2018-12-01,2018,12,1,38.66,40.01,35.06,44.96,3.70,1.70,7.20,0.00,NE,10.80,6.71,1021.8
2018-12-02,2018,12,2,44.24,46.04,41.00,51.08,6.80,5.00,10.60,19.10,E,13.00,8.08,1011
2018-12-03,2018,12,3,50.36,50.99,44.06,57.92,10.20,6.70,14.40,0.00,W,16.90,10.50,1000.5
2018-12-04,2018,12,4,39.56,35.60,27.14,44.06,4.20,-2.70,6.70,0.00,NW,25.20,15.66,1011.1
2018-12-05,2018,12,5,29.48,30.56,25.16,35.96,-1.40,-3.80,2.20,0.00,N/NW,11.20,6.96,1018.4
2018-12-06,2018,12,6,35.24,36.14,30.20,42.08,1.80,-1.00,5.60,0.00,W,17.60,10.94,1018.6
2018-12-07,2018,12,7,36.68,33.08,26.24,39.92,2.60,-3.20,4.40,0.00,W,21.60,13.42,1023
2018-12-08,2018,12,8,26.24,25.61,20.12,31.10,-3.20,-6.60,-0.50,0.00,W/NW,16.90,10.50,1030.2
2018-12-09,2018,12,9,28.94,30.11,23.18,37.04,-1.70,-4.90,2.80,0.00,W/SW,15.10,9.38,1027.2
2018-12-10,2018,12,10,33.08,32.63,26.24,39.02,0.60,-3.20,3.90,0.00,N/NW,14.40,8.95,1019.6
2018-12-11,2018,12,11,29.66,30.56,23.18,37.94,-1.30,-4.90,3.30,0.00,W/NW,10.80,6.71,1018.7
2018-12-12,2018,12,12,33.62,31.64,24.26,39.02,0.90,-4.30,3.90,0.00,NW,19.80,12.30,1017.8
2018-12-13,2018,12,13,27.32,28.13,21.20,35.06,-2.60,-6.00,1.70,0.00,N/NE,9.70,6.03,1032.8
2018-12-14,2018,12,14,36.50,37.58,29.12,46.04,2.50,-1.60,7.80,0.00,S,9.40,5.84,1031.1
2018-12-15,2018,12,15,48.38,47.48,39.92,55.04,9.10,4.40,12.80,0.00,W,14.80,9.20,1022
2018-12-16,2018,12,16,43.52,42.98,41.00,44.96,6.40,5.00,7.20,13.70,NE,28.80,17.90,1017.8
2018-12-17,2018,12,17,39.92,39.47,35.96,42.98,4.40,2.20,6.10,1.00,NW,23.40,14.54,1002.5
2018-12-18,2018,12,18,32.54,32.09,25.16,39.02,0.30,-3.80,3.90,0.50,W/NW,33.50,20.82,1009.8
2018-12-19,2018,12,19,30.56,33.17,24.26,42.08,-0.80,-4.30,5.60,0.00,W/SW,15.80,9.82,1018.1
2018-12-20,2018,12,20,39.38,41.00,32.00,50.00,4.10,0.00,10.00,0.00,S/SW,13.00,8.08,1018.9
2018-12-21,2018,12,21,51.62,53.96,42.98,64.94,10.90,6.10,18.30,15.50,SE,23.80,14.79,1003
2018-12-22,2018,12,22,51.80,46.49,37.04,55.94,11.00,2.80,13.30,0.50,SW,27.70,17.21,995.3
2018-12-23,2018,12,23,37.58,38.03,33.08,42.98,3.10,0.60,6.10,0.00,W,19.40,12.05,1016.6
2018-12-24,2018,12,24,35.24,35.51,32.00,39.02,1.80,0.00,3.90,0.00,W,12.20,7.58,1016.4
2018-12-25,2018,12,25,35.78,34.07,29.12,39.02,2.10,-1.60,3.90,0.00,W/NW,17.30,10.75,1021.7
2018-12-26,2018,12,26,31.82,33.08,26.24,39.92,-0.10,-3.20,4.40,0.00,W,16.90,10.50,1028.5
2018-12-27,2018,12,27,34.16,34.07,30.20,37.94,1.20,-1.00,3.30,0.00,W/NW,14.80,9.20,1035.3
2018-12-28,2018,12,28,40.82,45.50,33.98,57.02,4.90,1.10,13.90,8.40,S,18.40,11.43,1020.2
2018-12-29,2018,12,29,48.92,42.98,32.00,53.96,9.40,0.00,12.20,0.00,W,21.20,13.17,1011.3
2018-12-30,2018,12,30,32.00,30.11,26.24,33.98,0.00,-3.20,1.10,0.00,N,10.10,6.28,1023
2018-12-31,2018,12,31,36.50,38.03,31.10,44.96,2.50,-0.50,7.20,10.40,S/SW,16.90,10.50,1025.6
2019-01-01,2019,1,1,47.12,46.49,33.98,59.00,8.40,1.10,15.00,9.70,W,25.60,15.91,1006.7
2019-01-02,2019,1,2,33.44,32.63,28.22,37.04,0.80,-2.10,2.80,0.00,N,15.10,9.38,1024.8
2019-01-03,2019,1,3,37.58,39.02,32.00,46.04,3.10,0.00,7.80,0.50,W/SW,16.90,10.50,1013.4
2019-01-04,2019,1,4,40.28,41.00,33.98,48.02,4.60,1.10,8.90,0.00,SW,18.00,11.18,1012.1
2019-01-05,2019,1,5,41.00,40.46,37.94,42.98,5.00,3.30,6.10,13.50,N,14.80,9.20,1002.7
2019-01-06,2019,1,6,39.56,36.05,25.16,46.94,4.20,-3.80,8.30,0.00,W/NW,23.00,14.29,1009.8
2019-01-07,2019,1,7,26.06,25.16,19.22,31.10,-3.30,-7.10,-0.50,0.00,N/NW,18.70,11.62,1028.2
2019-01-08,2019,1,8,34.16,36.59,30.20,42.98,1.20,-1.00,6.10,0.50,S/SE,12.20,7.58,1016.5
2019-01-09,2019,1,9,39.92,40.55,35.06,46.04,4.40,1.70,7.80,3.30,W,25.20,15.66,994.8
2019-01-10,2019,1,10,35.78,31.64,26.24,37.04,2.10,-3.20,2.80,0.00,W,25.90,16.09,1000.2
2019-01-11,2019,1,11,26.78,23.72,17.24,30.20,-2.90,-8.20,-1.00,0.00,W/NW,29.20,18.14,1017.5
2019-01-12,2019,1,12,20.48,22.19,15.26,29.12,-6.40,-9.30,-1.60,0.00,W/NW,23.80,14.79,1030.7
2019-01-13,2019,1,13,21.74,22.64,16.16,29.12,-5.70,-8.80,-1.60,0.00,N,13.30,8.26,1030.6
2019-01-14,2019,1,14,26.42,27.14,23.18,31.10,-3.10,-4.90,-0.50,0.00,N,14.00,8.70,1023.1
2019-01-15,2019,1,15,29.84,31.64,24.26,39.02,-1.20,-4.30,3.90,0.00,W/NW,11.90,7.39,1018.2
2019-01-16,2019,1,16,31.82,33.08,25.16,41.00,-0.10,-3.80,5.00,0.00,W/SW,18.70,11.62,1015.8
2019-01-17,2019,1,17,27.14,25.61,18.14,33.08,-2.70,-7.70,0.60,0.00,N/NW,15.50,9.63,1026.9
2019-01-18,2019,1,18,32.36,35.06,27.14,42.98,0.20,-2.70,6.10,0.00,S,10.80,6.71,1020.1
2019-01-19,2019,1,19,32.72,32.63,28.22,37.04,0.40,-2.10,2.80,3.30,N/NE,19.40,12.05,1023.6
2019-01-20,2019,1,20,29.66,23.63,10.22,37.04,-1.30,-12.10,2.80,30.50,N,28.80,17.90,1000.7
2019-01-21,2019,1,21,9.32,7.70,5.18,10.22,-12.60,-14.90,-12.10,0.00,W/NW,32.40,20.13,1008.8
2019-01-22,2019,1,22,14.36,17.69,7.16,28.22,-9.80,-13.80,-2.10,0.00,W/NW,22.70,14.11,1030.5
2019-01-23,2019,1,23,29.48,34.07,20.12,48.02,-1.40,-6.60,8.90,0.00,S/SW,22.00,13.67,1024.2
2019-01-24,2019,1,24,51.98,48.02,37.04,59.00,11.10,2.80,15.00,25.40,S/SW,38.20,23.74,1000.6
2019-01-25,2019,1,25,39.02,35.60,29.12,42.08,3.90,-1.60,5.60,0.00,W,22.00,13.67,1010.7
2019-01-26,2019,1,26,30.38,30.56,25.16,35.96,-0.90,-3.80,2.20,0.00,W,13.70,8.51,1023.1
2019-01-27,2019,1,27,35.06,37.04,27.14,46.94,1.70,-2.70,8.30,0.00,S,21.20,13.17,1018.6
2019-01-28,2019,1,28,33.98,33.17,24.26,42.08,1.10,-4.30,5.60,0.00,N/NW,16.20,10.07,1017.9
2019-01-29,2019,1,29,27.68,29.03,20.12,37.94,-2.40,-6.60,3.30,1.30,NE,20.20,12.55,1017
2019-01-30,2019,1,30,33.26,24.08,9.14,39.02,0.70,-12.70,3.90,4.10,W/SW,25.60,15.91,1008.6
2019-01-31,2019,1,31,12.38,11.66,5.18,18.14,-10.90,-14.90,-7.70,0.00,W/SW,27.70,17.21,1023.7
2019-02-01,2019,2,1,15.98,16.70,10.22,23.18,-8.90,-12.10,-4.90,0.00,W,21.20,13.17,1027.2
2019-02-02,2019,2,2,22.10,24.62,14.18,35.06,-5.50,-9.90,1.70,0.00,W/SW,20.50,12.74,1020.7
2019-02-03,2019,2,3,33.80,33.08,27.14,39.02,1.00,-2.70,3.90,0.00,E,10.10,6.28,1020.1
2019-02-04,2019,2,4,44.78,49.01,35.06,62.96,7.10,1.70,17.20,0.00,S/SW,15.10,9.38,1016.5
2019-02-05,2019,2,5,51.26,52.43,39.92,64.94,10.70,4.40,18.30,0.00,W/SW,19.40,12.05,1013.2
2019-02-06,2019,2,6,39.56,38.57,33.08,44.06,4.20,0.60,6.70,9.40,NE,16.20,10.07,1022.9
2019-02-07,2019,2,7,37.94,38.57,35.06,42.08,3.30,1.70,5.60,5.30,NE,15.50,9.63,1020.7
2019-02-08,2019,2,8,42.98,44.06,31.10,57.02,6.10,-0.50,13.90,1.80,W,21.20,13.17,1011.6
2019-02-09,2019,2,9,31.28,30.56,25.16,35.96,-0.40,-3.80,2.20,0.00,W,31.70,19.70,1028
2019-02-10,2019,2,10,29.84,30.65,24.26,37.04,-1.20,-4.30,2.80,0.00,W,19.80,12.30,1032.8
2019-02-11,2019,2,11,31.82,31.64,26.24,37.04,-0.10,-3.20,2.80,0.00,NW,16.90,10.50,1027.1
2019-02-12,2019,2,12,26.06,28.58,19.22,37.94,-3.30,-7.10,3.30,23.10,N/NE,22.70,14.11,1027.5
2019-02-13,2019,2,13,37.94,38.03,33.08,42.98,3.30,0.60,6.10,7.10,W/NW,21.60,13.42,1001.9
2019-02-14,2019,2,14,35.24,35.51,31.10,39.92,1.80,-0.50,4.40,0.00,W,22.00,13.67,1013.1
2019-02-15,2019,2,15,39.92,41.54,31.10,51.98,4.40,-0.50,11.10,2.50,S/SE,18.40,11.43,1010.2
2019-02-16,2019,2,16,43.16,40.01,31.10,48.92,6.20,-0.50,9.40,0.00,W/NW,19.40,12.05,1008.4
2019-02-17,2019,2,17,30.38,29.12,24.26,33.98,-0.90,-4.30,1.10,0.00,N/NE,15.50,9.63,1018.3
2019-02-18,2019,2,18,30.20,26.60,21.20,32.00,-1.00,-6.00,0.00,7.90,N,16.60,10.31,1013.8
2019-02-19,2019,2,19,24.62,26.06,18.14,33.98,-4.10,-7.70,1.10,0.00,W/NW,21.60,13.42,1030.4
2019-02-20,2019,2,20,25.52,26.15,21.20,31.10,-3.60,-6.00,-0.50,2.50,W/SW,13.00,8.08,1032.9
2019-02-21,2019,2,21,34.34,37.13,26.24,48.02,1.30,-3.20,8.90,10.70,W/NW,16.60,10.31,1013.6
2019-02-22,2019,2,22,41.54,41.00,35.96,46.04,5.30,2.20,7.80,0.00,W/NW,14.40,8.95,1024.4
2019-02-23,2019,2,23,35.24,34.07,30.20,37.94,1.80,-1.00,3.30,0.00,E,10.40,6.46,1030.2
2019-02-24,2019,2,24,38.66,40.46,33.98,46.94,3.70,1.10,8.30,12.20,SE,22.30,13.86,1006
2019-02-25,2019,2,25,39.38,36.14,30.20,42.08,4.10,-1.00,5.60,0.00,W,37.10,23.05,999.9
2019-02-26,2019,2,26,28.58,26.06,20.12,32.00,-1.90,-6.60,0.00,0.00,W/NW,32.40,20.13,1021.5
2019-02-27,2019,2,27,19.94,19.67,13.10,26.24,-6.70,-10.50,-3.20,1.30,W/NW,15.50,9.63,1026.8
2019-02-28,2019,2,28,23.90,25.16,19.22,31.10,-4.50,-7.10,-0.50,3.80,N/NW,13.70,8.51,1021.2
2019-12-01,2019,12,1,28.58,30.56,22.10,39.02,-1.90,-5.50,3.90,15.70,N,17.60,10.94,1014.4
2019-12-02,2019,12,2,38.84,35.60,29.12,42.08,3.80,-1.60,5.60,10.90,N/NE,38.90,24.17,1002.1
2019-12-03,2019,12,3,31.64,33.08,30.20,35.96,-0.20,-1.00,2.20,9.70,NW,25.20,15.66,994.5
2019-12-04,2019,12,4,34.16,35.06,29.12,41.00,1.20,-1.60,5.00,0.00,W/SW,15.50,9.63,998.4
2019-12-05,2019,12,5,39.74,38.48,32.00,44.96,4.30,0.00,7.20,0.00,W,21.60,13.42,1003.5
2019-12-06,2019,12,6,33.62,33.53,29.12,37.94,0.90,-1.60,3.30,1.00,W/SW,14.80,9.20,1016.2
2019-12-07,2019,12,7,32.36,31.10,27.14,35.06,0.20,-2.70,1.70,0.00,W/NW,19.10,11.87,1025.7
2019-12-08,2019,12,8,29.48,32.09,23.18,41.00,-1.40,-4.90,5.00,0.00,SW,15.50,9.63,1031.6
2019-12-09,2019,12,9,45.50,50.99,41.00,60.98,7.50,5.00,16.10,14.00,S,22.30,13.86,1017.7
2019-12-10,2019,12,10,59.00,52.52,42.08,62.96,15.00,5.60,17.20,4.80,SW,25.20,15.66,1007.7
2019-12-11,2019,12,11,38.12,36.14,30.20,42.08,3.40,-1.00,5.60,5.30,W,17.60,10.94,1022.7
2019-12-12,2019,12,12,30.38,29.66,26.24,33.08,-0.90,-3.20,0.60,0.00,W,16.20,10.07,1037.2
2019-12-13,2019,12,13,34.88,37.58,28.22,46.94,1.60,-2.10,8.30,2.50,SE,11.20,6.96,1031
2019-12-14,2019,12,14,50.90,53.51,46.94,60.08,10.50,8.30,15.60,31.80,E/SE,20.20,12.55,998.3
2019-12-15,2019,12,15,49.46,44.51,33.98,55.04,9.70,1.10,12.80,0.00,W,36.70,22.80,1001.3
2019-12-16,2019,12,16,34.16,33.53,32.00,35.06,1.20,0.00,1.70,0.00,W,18.40,11.43,1021.9
2019-12-17,2019,12,17,31.46,32.54,27.14,37.94,-0.30,-2.70,3.30,16.50,N,15.50,9.63,1012.3
2019-12-18,2019,12,18,33.98,31.10,24.26,37.94,1.10,-4.30,3.30,0.00,W/NW,23.00,14.29,1006.7
2019-12-19,2019,12,19,22.46,21.20,15.26,27.14,-5.30,-9.30,-2.70,0.00,W,31.70,19.70,1019
2019-12-20,2019,12,20,23.18,25.16,17.24,33.08,-4.90,-8.20,0.60,0.00,W/NW,21.20,13.17,1030.5
2019-12-21,2019,12,21,27.50,28.58,22.10,35.06,-2.50,-5.50,1.70,0.00,W/SW,8.30,5.16,1035.1
2019-12-22,2019,12,22,36.14,37.58,30.20,44.96,2.30,-1.00,7.20,0.00,SW,15.80,9.82,1023.8
2019-12-23,2019,12,23,43.52,46.04,35.06,57.02,6.40,1.70,13.90,0.00,SW,18.40,11.43,1014.5
2019-12-24,2019,12,24,45.50,42.53,35.06,50.00,7.50,1.70,10.00,0.00,NW,15.50,9.63,1017.8
2019-12-25,2019,12,25,36.68,37.04,32.00,42.08,2.60,0.00,5.60,0.00,N,7.60,4.72,1023
2019-12-26,2019,12,26,36.68,37.49,33.98,41.00,2.60,1.10,5.00,0.00,N/NE,11.20,6.96,1028.3
2019-12-27,2019,12,27,40.82,43.97,35.96,51.98,4.90,2.20,11.10,0.30,S/SW,18.40,11.43,1022.4
2019-12-28,2019,12,28,48.38,44.51,37.94,51.08,9.10,3.30,10.60,0.00,W,17.60,10.94,1019.3
2019-12-29,2019,12,29,39.56,40.01,35.96,44.06,4.20,2.20,6.70,2.00,SW,11.50,7.15,1021.9
2019-12-30,2019,12,30,38.48,38.48,35.96,41.00,3.60,2.20,5.00,32.80,E/NE,33.50,20.82,1016.3
2019-12-31,2019,12,31,40.28,40.55,37.04,44.06,4.60,2.80,6.70,6.90,NW,21.60,13.42,1003.2
2020-01-01,2020,1,1,39.38,39.47,35.96,42.98,4.10,2.20,6.10,0.00,W,24.80,15.41,1003
2020-01-02,2020,1,2,39.56,41.45,33.98,48.92,4.20,1.10,9.40,0.00,SW,20.20,12.55,1010.7
2020-01-03,2020,1,3,46.76,48.02,44.06,51.98,8.20,6.70,11.10,0.00,SW,11.50,7.15,1008.2
2020-01-04,2020,1,4,46.58,43.97,39.92,48.02,8.10,4.40,8.90,3.30,N,8.60,5.34,1004
2020-01-05,2020,1,5,39.02,36.50,32.00,41.00,3.90,0.00,5.00,2.80,W/NW,26.60,16.53,1004.1
2020-01-06,2020,1,6,32.72,34.07,27.14,41.00,0.40,-2.70,5.00,0.00,W/SW,10.80,6.71,1013.2
2020-01-07,2020,1,7,37.76,37.58,33.08,42.08,3.20,0.60,5.60,0.00,S/SW,14.80,9.20,1015.3
2020-01-08,2020,1,8,38.12,37.04,29.12,44.96,3.40,-1.60,7.20,0.50,W,22.70,14.11,1010.9
2020-01-09,2020,1,9,29.12,27.59,22.10,33.08,-1.60,-5.50,0.60,0.00,W/NW,21.20,13.17,1035.2
2020-01-10,2020,1,10,37.76,41.09,29.12,53.06,3.20,-1.60,11.70,0.00,S/SW,22.30,13.86,1032.7
2020-01-11,2020,1,11,57.02,59.45,48.92,69.98,13.90,9.40,21.10,0.00,S/SW,29.20,18.14,1021.4
2020-01-12,2020,1,12,65.66,56.93,39.92,73.94,18.70,4.40,23.30,0.50,W/SW,33.50,20.82,1014.7
2020-01-13,2020,1,13,41.18,39.47,35.96,42.98,5.10,2.20,6.10,0.30,NE,14.80,9.20,1030.7
2020-01-14,2020,1,14,39.02,39.56,37.04,42.08,3.90,2.80,5.60,0.00,SE,9.00,5.59,1025.6
2020-01-15,2020,1,15,44.42,45.50,39.02,51.98,6.90,3.90,11.10,0.00,W,13.70,8.51,1018.8
2020-01-16,2020,1,16,41.90,38.57,30.20,46.94,5.50,-1.00,8.30,2.50,W/NW,24.50,15.22,1010.8
2020-01-17,2020,1,17,24.62,23.18,16.16,30.20,-4.10,-8.80,-1.00,0.00,NW,32.40,20.13,1030.5
2020-01-18,2020,1,18,18.14,23.63,14.18,33.08,-7.70,-9.90,0.60,7.10,W,14.00,8.70,1028.7
2020-01-19,2020,1,19,33.26,34.61,24.26,44.96,0.70,-4.30,7.20,0.50,W,21.60,13.42,1005.2
2020-01-20,2020,1,20,25.88,24.71,19.22,30.20,-3.40,-7.10,-1.00,0.00,NW,22.30,13.86,1020.6
2020-01-21,2020,1,21,23.18,23.18,18.14,28.22,-4.90,-7.70,-2.10,0.00,N/NW,12.20,7.58,1029.1
2020-01-22,2020,1,22,28.58,29.57,20.12,39.02,-1.90,-6.60,3.90,0.00,W,7.90,4.91,1029.8
2020-01-23,2020,1,23,35.96,38.12,26.24,50.00,2.20,-3.20,10.00,0.00,SW,11.90,7.39,1027.6
2020-01-24,2020,1,24,40.82,41.00,33.98,48.02,4.90,1.10,8.90,0.00,N,11.20,6.96,1029
2020-01-25,2020,1,25,42.26,44.96,39.92,50.00,5.70,4.40,10.00,17.80,E,22.70,14.11,1020.4
2020-01-26,2020,1,26,47.12,45.50,39.92,51.08,8.40,4.40,10.60,0.00,W/SW,20.20,12.55,1004.8
2020-01-27,2020,1,27,42.26,43.52,39.02,48.02,5.70,3.90,8.90,0.00,W/SW,19.80,12.30,1002.4
2020-01-28,2020,1,28,41.00,39.02,35.96,42.08,5.00,2.20,5.60,0.00,NW,20.90,12.99,1006.8
2020-01-29,2020,1,29,36.68,36.05,29.12,42.98,2.60,-1.60,6.10,0.00,NW,16.90,10.50,1016.1
2020-01-30,2020,1,30,28.94,27.59,22.10,33.08,-1.70,-5.50,0.60,0.00,N,12.20,7.58,1026.2
2020-01-31,2020,1,31,35.06,38.03,29.12,46.94,1.70,-1.60,8.30,0.00,SW,14.40,8.95,1025.7
2020-02-01,2020,2,1,38.30,37.49,33.98,41.00,3.50,1.10,5.00,0.50,E,7.20,4.47,1013.1
2020-02-02,2020,2,2,39.20,40.01,35.96,44.06,4.00,2.20,6.70,0.00,W/NW,11.20,6.96,999.6
2020-02-03,2020,2,3,41.36,42.53,35.06,50.00,5.20,1.70,10.00,0.00,W,15.50,9.63,1007.1
2020-02-04,2020,2,4,42.08,41.00,35.06,46.94,5.60,1.70,8.30,0.00,N/NE,5.00,3.11,1009.7
2020-02-05,2020,2,5,41.36,38.03,33.08,42.98,5.20,0.60,6.10,1.30,N,10.10,6.28,1015.2
2020-02-06,2020,2,6,37.22,37.49,33.98,41.00,2.90,1.10,5.00,11.20,NE,19.80,12.30,1007
2020-02-07,2020,2,7,39.56,43.07,30.20,55.94,4.20,-1.00,13.30,8.10,N/NW,24.10,14.98,987.9
2020-02-08,2020,2,8,31.46,31.10,25.16,37.04,-0.30,-3.80,2.80,0.00,W,26.60,16.53,1017.2
2020-02-09,2020,2,9,26.96,29.03,20.12,37.94,-2.80,-6.60,3.30,0.00,E/NE,11.90,7.39,1033.4
2020-02-10,2020,2,10,42.08,42.44,37.94,46.94,5.60,3.30,8.30,4.10,S/SW,21.60,13.42,1020.9
2020-02-11,2020,2,11,43.16,42.44,39.92,44.96,6.20,4.40,7.20,4.30,NULL,10.10,6.28,1013.6
2020-02-12,2020,2,12,41.18,41.00,37.04,44.96,5.10,2.80,7.20,0.00,W,18.40,11.43,1017.2
2020-02-13,2020,2,13,39.02,38.03,35.06,41.00,3.90,1.70,5.00,13.50,W/NW,10.80,6.71,1006.6
2020-02-14,2020,2,14,32.54,27.59,15.26,39.92,0.30,-9.30,4.40,0.00,NW,23.00,14.29,1022.4
2020-02-15,2020,2,15,19.22,21.65,12.20,31.10,-7.10,-11.00,-0.50,0.00,W/SW,16.60,10.31,1033.7
2020-02-16,2020,2,16,35.06,37.58,29.12,46.04,1.70,-1.60,7.80,0.00,SW,18.00,11.18,1020.4
2020-02-17,2020,2,17,42.08,40.01,31.10,48.92,5.60,-0.50,9.40,0.00,W/NW,14.00,8.70,1023.3
2020-02-18,2020,2,18,37.40,36.59,31.10,42.08,3.00,-0.50,5.60,11.40,E/NE,17.30,10.75,1025.5
2020-02-19,2020,2,19,42.62,39.02,32.00,46.04,5.90,0.00,7.80,0.00,W,24.10,14.98,1018.9
2020-02-20,2020,2,20,31.82,30.65,24.26,37.04,-0.10,-4.30,2.80,0.00,W/NW,19.10,11.87,1028.8
2020-02-21,2020,2,21,25.52,25.16,17.24,33.08,-3.60,-8.20,0.60,0.00,W/NW,16.20,10.07,1029.7
2020-02-22,2020,2,22,36.32,39.02,29.12,48.92,2.40,-1.60,9.40,0.00,W/SW,18.70,11.62,1021
2020-02-23,2020,2,23,44.24,45.95,33.98,57.92,6.80,1.10,14.40,0.00,SW,14.40,8.95,1019.5
2020-02-24,2020,2,24,47.84,49.55,35.06,64.04,8.80,1.70,17.80,0.00,S/SW,14.40,8.95,1016
2020-02-25,2020,2,25,47.48,48.02,42.98,53.06,8.60,6.10,11.70,6.60,E,8.60,5.34,1012.8
2020-02-26,2020,2,26,45.68,46.04,44.06,48.02,7.60,6.70,8.90,3.80,NE,15.10,9.38,1014.4
2020-02-27,2020,2,27,44.96,44.06,33.08,55.04,7.20,0.60,12.80,19.00,W/SW,36.40,22.62,997.4
2020-02-28,2020,2,28,34.34,33.08,28.22,37.94,1.30,-2.10,3.30,0.00,W/SW,24.80,15.41,1006.7
2020-02-29,2020,2,29,30.56,28.58,22.10,35.06,-0.80,-5.50,1.70,0.00,W,19.80,12.30,1009.2
2020-12-01,2020,12,1,58.82,52.52,42.08,62.96,14.90,5.60,17.20,10.40,S,25.20,15.66,1001.1
2020-12-02,2020,12,2,41.00,39.02,35.06,42.98,5.00,1.70,6.10,0.00,SW,21.60,13.42,1011.3
2020-12-03,2020,12,3,40.82,41.54,33.08,50.00,4.90,0.60,10.00,0.00,SW,20.20,12.55,1018.9
2020-12-04,2020,12,4,47.12,48.92,39.92,57.92,8.40,4.40,14.40,0.50,S/SW,21.20,13.17,1015.7
2020-12-05,2020,12,5,42.62,40.01,33.08,46.94,5.90,0.60,8.30,43.70,N/NW,29.20,18.14,1002
2020-12-06,2020,12,6,34.16,33.08,29.12,37.04,1.20,-1.60,2.80,0.00,W/NW,27.70,17.21,1002.1
2020-12-07,2020,12,7,30.38,31.10,27.14,35.06,-0.90,-2.70,1.70,0.00,W/NW,16.60,10.31,1006.7
2020-12-08,2020,12,8,29.12,28.67,26.24,31.10,-1.60,-3.20,-0.50,0.00,NW,21.60,13.42,1005.8
2020-12-09,2020,12,9,29.12,30.11,24.26,35.96,-1.60,-4.30,2.20,0.00,W/SW,12.20,7.58,1007.5
2020-12-10,2020,12,10,37.76,39.47,33.98,44.96,3.20,1.10,7.20,0.00,W,15.50,9.63,1014.5
2020-12-11,2020,12,11,39.02,39.65,28.22,51.08,3.90,-2.10,10.60,0.00,SW,13.30,8.26,1021.3
2020-12-12,2020,12,12,42.08,41.00,35.06,46.94,5.60,1.70,8.30,12.70,N,9.40,5.84,1020.2
2020-12-13,2020,12,13,47.30,49.46,39.92,59.00,8.50,4.40,15.00,0.00,NW,11.20,6.96,1013.1
2020-12-14,2020,12,14,38.48,36.95,33.98,39.92,3.60,1.10,4.40,1.50,W/NW,12.60,7.83,1012.3
2020-12-15,2020,12,15,33.26,29.57,23.18,35.96,0.70,-4.90,2.20,0.00,W/NW,22.30,13.86,1021
2020-12-16,2020,12,16,22.46,23.18,16.16,30.20,-5.30,-8.80,-1.00,1.00,N,21.20,13.17,1030.4
2020-12-17,2020,12,17,26.24,26.60,21.20,32.00,-3.20,-6.00,0.00,33.00,N,36.40,22.62,1015.6
2020-12-18,2020,12,18,25.34,25.70,21.20,30.20,-3.70,-6.00,-1.00,0.00,N/NW,16.60,10.31,1023.2
2020-12-19,2020,12,19,23.18,24.17,17.24,31.10,-4.90,-8.20,-0.50,0.00,W/NW,9.70,6.03,1028
2020-12-20,2020,12,20,29.12,31.10,26.24,35.96,-1.60,-3.20,2.20,0.80,S/SW,5.80,3.60,1021.8
2020-12-21,2020,12,21,32.72,32.09,27.14,37.04,0.40,-2.70,2.80,0.00,W,9.00,5.59,1009.7
2020-12-22,2020,12,22,37.76,38.03,32.00,44.06,3.20,0.00,6.70,0.00,W,18.70,11.62,1006.7
2020-12-23,2020,12,23,35.24,34.07,30.20,37.94,1.80,-1.00,3.30,0.00,W,16.20,10.07,1025.7
2020-12-24,2020,12,24,39.02,41.63,30.20,53.06,3.90,-1.00,11.70,0.00,S/SE,20.90,12.99,1023.1
2020-12-25,2020,12,25,52.88,50.00,39.92,60.08,11.60,4.40,15.60,37.80,S/SE,31.70,19.70,1004.8
2020-12-26,2020,12,26,35.78,34.07,28.22,39.92,2.10,-2.10,4.40,0.00,SW,27.40,17.03,1007.8
2020-12-27,2020,12,27,30.74,31.55,25.16,37.94,-0.70,-3.80,3.30,0.00,SW,14.40,8.95,1023.2
2020-12-28,2020,12,28,36.86,38.57,28.22,48.92,2.70,-2.10,9.40,0.00,S,15.10,9.38,1021.8
2020-12-29,2020,12,29,36.86,33.17,24.26,42.08,2.70,-4.30,5.60,0.00,W/NW,24.80,15.41,1024.5
2020-12-30,2020,12,30,28.22,32.63,24.26,41.00,-2.10,-4.30,5.00,0.00,SW,19.10,11.87,1026.7
2020-12-31,2020,12,31,41.72,39.02,33.08,44.96,5.40,0.60,7.20,2.50,W,23.00,14.29,1018
2021-01-01,2021,1,1,33.80,32.54,29.12,35.96,1.00,-1.60,2.20,2.50,N,10.10,6.28,1030.1
2021-01-02,2021,1,2,38.84,37.04,32.00,42.08,3.80,0.00,5.60,10.40,NULL,23.00,14.29,1011
2021-01-03,2021,1,3,32.72,32.54,29.12,35.96,0.40,-1.60,2.20,0.80,N,15.10,9.38,1019.9
2021-01-04,2021,1,4,33.62,35.06,31.10,39.02,0.90,-0.50,3.90,0.00,N,18.40,11.43,1014.6
2021-01-05,2021,1,5,31.64,31.64,30.20,33.08,-0.20,-1.00,0.60,0.30,NULL,17.30,10.75,1013
2021-01-06,2021,1,6,32.90,35.06,30.20,39.92,0.50,-1.00,4.40,0.00,NW,21.60,13.42,1011.8
2021-01-07,2021,1,7,34.16,35.60,29.12,42.08,1.20,-1.60,5.60,0.00,NW,22.00,13.67,1015
2021-01-08,2021,1,8,31.82,33.62,26.24,41.00,-0.10,-3.20,5.00,0.00,NW,17.30,10.75,1013
2021-01-09,2021,1,9,29.12,30.11,24.26,35.96,-1.60,-4.30,2.20,0.00,N/NW,18.40,11.43,1010.8
2021-01-10,2021,1,10,33.08,34.07,27.14,41.00,0.60,-2.70,5.00,0.00,NW,15.10,9.38,1019.9
2021-01-11,2021,1,11,31.46,30.11,24.26,35.96,-0.30,-4.30,2.20,0.00,W,9.40,5.84,1023.8
2021-01-12,2021,1,12,33.44,34.61,27.14,42.08,0.80,-2.70,5.60,0.00,W,11.90,7.39,1018.3
2021-01-13,2021,1,13,35.24,35.51,31.10,39.92,1.80,-0.50,4.40,0.00,W/SW,11.20,6.96,1015.5
2021-01-14,2021,1,14,35.24,35.06,31.10,39.02,1.80,-0.50,3.90,2.50,S/SW,8.60,5.34,1011.5
2021-01-15,2021,1,15,35.96,37.04,33.08,41.00,2.20,0.60,5.00,0.00,NE,13.30,8.26,1017.3
2021-01-16,2021,1,16,42.44,44.51,37.04,51.98,5.80,2.80,11.10,26.20,SE,29.90,18.58,998.4
2021-01-17,2021,1,17,38.84,38.48,33.98,42.98,3.80,1.10,6.10,0.00,W/SW,29.90,18.58,996.2
2021-01-18,2021,1,18,39.92,38.03,31.10,44.96,4.40,-0.50,7.20,0.00,W/SW,23.40,14.54,1003.9
2021-01-19,2021,1,19,33.08,34.07,27.14,41.00,0.60,-2.70,5.00,0.00,W,17.30,10.75,1014.4
2021-01-20,2021,1,20,33.98,31.55,25.16,37.94,1.10,-3.80,3.30,0.00,W,17.60,10.94,1012
2021-01-21,2021,1,21,26.06,26.60,21.20,32.00,-3.30,-6.00,0.00,0.00,SW,12.60,7.83,1008.3
2021-01-22,2021,1,22,35.06,36.59,30.20,42.98,1.70,-1.00,6.10,0.00,W,15.50,9.63,1003.5
2021-01-23,2021,1,23,30.56,25.61,17.24,33.98,-0.80,-8.20,1.10,0.00,W/NW,26.60,16.53,1011.5
2021-01-24,2021,1,24,21.92,23.63,16.16,31.10,-5.60,-8.80,-0.50,0.00,W/NW,33.50,20.82,1013.8
2021-01-25,2021,1,25,25.70,27.59,19.22,35.96,-3.50,-7.10,2.20,0.00,W/NW,20.90,12.99,1016.9
2021-01-26,2021,1,26,28.22,28.58,22.10,35.06,-2.10,-5.50,1.70,5.60,N,13.30,8.26,1017
2021-01-27,2021,1,27,30.38,32.09,28.22,35.96,-0.90,-2.10,2.20,1.80,NULL,13.70,8.51,1015
2021-01-28,2021,1,28,30.92,24.62,16.16,33.08,-0.60,-8.80,0.60,1.30,NW,21.60,13.42,1015.1
2021-01-29,2021,1,29,14.72,12.65,7.16,18.14,-9.60,-13.80,-7.70,0.00,NW,33.50,20.82,1014.3
2021-01-30,2021,1,30,13.28,14.18,8.24,20.12,-10.40,-13.20,-6.60,0.00,NW,21.20,13.17,1022.9
2021-01-31,2021,1,31,14.18,15.17,7.16,23.18,-9.90,-13.80,-4.90,0.00,NULL,9.40,5.84,1026.8
2021-02-01,2021,2,1,26.96,28.58,22.10,35.06,-2.80,-5.50,1.70,17.50,N/NE,33.50,20.82,1018.4
2021-02-02,2021,2,2,32.18,35.06,30.20,39.92,0.10,-1.00,4.40,5.10,N,30.60,19.01,997.9
2021-02-03,2021,2,3,30.92,31.10,28.22,33.98,-0.60,-2.10,1.10,0.00,W/NW,16.90,10.50,996
2021-02-04,2021,2,4,32.54,33.08,29.12,37.04,0.30,-1.60,2.80,0.30,W/NW,14.40,8.95,1006.5
2021-02-05,2021,2,5,32.36,33.62,26.24,41.00,0.20,-3.20,5.00,0.30,S/SW,9.70,6.03,1006.9
2021-02-06,2021,2,6,35.78,36.14,30.20,42.08,2.10,-1.00,5.60,0.00,W/SW,20.20,12.55,1013
2021-02-07,2021,2,7,32.18,31.64,26.24,37.04,0.10,-3.20,2.80,11.20,N,14.80,9.20,1015.7
2021-02-08,2021,2,8,24.62,24.17,19.22,29.12,-4.10,-7.10,-1.60,0.00,W,17.30,10.75,1024.9
2021-02-09,2021,2,9,24.26,24.17,21.20,27.14,-4.30,-6.00,-2.70,4.30,N,9.70,6.03,1025.7
2021-02-10,2021,2,10,25.16,25.61,20.12,31.10,-3.80,-6.60,-0.50,0.00,W/NW,15.10,9.38,1024.6
2021-02-11,2021,2,11,24.98,24.71,19.22,30.20,-3.90,-7.10,-1.00,0.00,NW,14.00,8.70,1024
2021-02-12,2021,2,12,19.04,19.13,11.12,27.14,-7.20,-11.60,-2.70,0.00,W/NW,16.90,10.50,1025.8
2021-02-13,2021,2,13,22.64,23.18,17.24,29.12,-5.20,-8.20,-1.60,0.00,N,15.10,9.38,1027
2021-02-14,2021,2,14,28.76,29.66,26.24,33.08,-1.80,-3.20,0.60,0.00,N,9.00,5.59,1024.1
2021-02-15,2021,2,15,30.56,29.57,27.14,32.00,-0.80,-2.70,0.00,0.80,N,14.80,9.20,1023.7
2021-02-16,2021,2,16,33.44,35.06,30.20,39.92,0.80,-1.00,4.40,16.00,NE,18.00,11.18,1006.1
2021-02-17,2021,2,17,28.76,27.59,23.18,32.00,-1.80,-4.90,0.00,0.00,W/NW,20.50,12.74,1023.6
2021-02-18,2021,2,18,26.78,27.68,24.26,31.10,-2.90,-4.30,-0.50,2.30,N,13.70,8.51,1030.6
2021-02-19,2021,2,19,27.86,27.68,25.16,30.20,-2.30,-3.80,-1.00,10.90,N,17.60,10.94,1021.5
2021-02-20,2021,2,20,27.32,27.14,23.18,31.10,-2.60,-4.90,-0.50,0.00,NW,18.00,11.18,1016.2
2021-02-21,2021,2,21,25.88,26.15,19.22,33.08,-3.40,-7.10,0.60,0.00,NW,15.10,9.38,1028.7
2021-02-22,2021,2,22,29.12,29.57,19.22,39.92,-1.60,-7.10,4.40,4.10,S,17.60,10.94,1017.8
2021-02-23,2021,2,23,37.58,38.48,33.98,42.98,3.10,1.10,6.10,0.00,W/SW,20.50,12.74,1002.3
2021-02-24,2021,2,24,41.72,43.52,37.04,50.00,5.40,2.80,10.00,0.00,W/SW,21.60,13.42,1010.4
2021-02-25,2021,2,25,43.52,40.01,33.08,46.94,6.40,0.60,8.30,0.00,W,27.70,17.21,1012.9
2021-02-26,2021,2,26,33.44,34.07,28.22,39.92,0.80,-2.10,4.40,0.00,W,14.80,9.20,1029.4
2021-02-27,2021,2,27,35.42,38.57,30.20,46.94,1.90,-1.00,8.30,4.30,S,15.80,9.82,1023.2
2021-02-28,2021,2,28,39.56,40.01,35.96,44.06,4.20,2.20,6.70,0.50,W/SW,11.20,6.96,1023.6
2021-12-01,2021,12,1,38.84,39.56,33.08,46.04,3.80,0.60,7.80,0.00,W/SW,15.80,9.82,1017.9
2021-12-02,2021,12,2,45.68,48.02,35.96,60.08,7.60,2.20,15.60,0.50,S,18.00,11.18,1007.4
2021-12-03,2021,12,3,43.52,39.02,33.08,44.96,6.40,0.60,7.20,0.00,W,25.90,16.09,1007.6
2021-12-04,2021,12,4,34.88,35.15,28.22,42.08,1.60,-2.10,5.60,0.00,W/SW,15.50,9.63,1018.5
2021-12-05,2021,12,5,41.18,42.44,37.94,46.94,5.10,3.30,8.30,0.00,W,14.00,8.70,1026.9
2021-12-06,2021,12,6,48.92,52.07,42.08,62.06,9.40,5.60,16.70,6.40,S,26.30,16.34,1011.3
2021-12-07,2021,12,7,43.88,39.47,33.98,44.96,6.60,1.10,7.20,0.00,W,19.40,12.05,1016.8
2021-12-08,2021,12,8,35.24,32.63,28.22,37.04,1.80,-2.10,2.80,0.00,N,16.20,10.07,1017.4
2021-12-09,2021,12,9,31.46,32.09,26.24,37.94,-0.30,-3.20,3.30,0.30,NW,15.10,9.38,1019.8
2021-12-10,2021,12,10,35.24,36.14,28.22,44.06,1.80,-2.10,6.70,0.00,NE,8.60,5.34,1023.3
2021-12-11,2021,12,11,43.16,49.55,35.06,64.04,6.20,1.70,17.80,6.40,W,20.50,12.74,1008.8
2021-12-12,2021,12,12,49.64,50.00,37.94,62.06,9.80,3.30,16.70,1.00,W,27.40,17.03,1012.9
2021-12-13,2021,12,13,42.62,44.51,37.04,51.98,5.90,2.80,11.10,0.00,SW,25.90,16.09,1019.2
2021-12-14,2021,12,14,46.40,43.07,35.06,51.08,8.00,1.70,10.60,0.00,W/NW,17.30,10.75,1029.4
2021-12-15,2021,12,15,38.30,38.48,32.00,44.96,3.50,0.00,7.20,0.50,E/SE,11.90,7.39,1035.9
2021-12-16,2021,12,16,51.62,52.52,44.96,60.08,10.90,7.20,15.60,4.30,S/SW,23.00,14.29,1015.3
2021-12-17,2021,12,17,55.22,51.08,42.08,60.08,12.90,5.60,15.60,0.00,W,25.90,16.09,1012.7
2021-12-18,2021,12,18,40.64,38.03,33.08,42.98,4.80,0.60,6.10,14.20,N,11.50,7.15,1019.5
2021-12-19,2021,12,19,36.50,33.62,23.18,44.06,2.50,-4.90,6.70,9.70,NW,23.80,14.79,1015.1
2021-12-20,2021,12,20,25.52,26.60,20.12,33.08,-3.60,-6.60,0.60,0.00,W,14.80,9.20,1025
2021-12-21,2021,12,21,35.06,37.13,30.20,44.06,1.70,-1.00,6.70,0.00,SW,14.40,8.95,1017.1
2021-12-22,2021,12,22,39.02,38.03,33.08,42.98,3.90,0.60,6.10,2.30,NW,16.20,10.07,1002.8
2021-12-23,2021,12,23,31.46,28.67,24.26,33.08,-0.30,-4.30,0.60,0.00,W/NW,20.90,12.99,1017.1
2021-12-24,2021,12,24,25.88,26.69,23.18,30.20,-3.40,-4.90,-1.00,0.00,W/NW,6.80,4.23,1019.9
2021-12-25,2021,12,25,31.28,32.09,28.22,35.96,-0.40,-2.10,2.20,8.10,NULL,9.70,6.03,1004.4
2021-12-26,2021,12,26,35.60,36.50,33.08,39.92,2.00,0.60,4.40,6.10,NW,20.90,12.99,1008
2021-12-27,2021,12,27,33.08,32.63,30.20,35.06,0.60,-1.00,1.70,0.00,W/NW,14.00,8.70,1016.2
2021-12-28,2021,12,28,37.22,39.56,33.08,46.04,2.90,0.60,7.80,1.00,W/SW,11.20,6.96,1010
2021-12-29,2021,12,29,40.28,39.02,35.96,42.08,4.60,2.20,5.60,0.00,N,5.40,3.36,1013.6
2021-12-30,2021,12,30,39.92,40.01,37.94,42.08,4.40,3.30,5.60,1.50,N,5.80,3.60,1014.6
2021-12-31,2021,12,31,42.08,42.98,39.92,46.04,5.60,4.40,7.80,0.00,E/NE,4.70,2.92,1014.4
2022-01-01,2022,1,1,45.86,48.02,44.06,51.98,7.70,6.70,11.10,2.00,E/NE,5.40,3.36,1009.7
2022-01-02,2022,1,2,45.32,39.56,33.08,46.04,7.40,0.60,7.80,5.80,N/NW,14.40,8.95,1003.8
2022-01-03,2022,1,3,29.48,27.14,21.20,33.08,-1.40,-6.00,0.60,0.00,N/NW,22.70,14.11,1019.3
2022-01-04,2022,1,4,23.18,24.17,17.24,31.10,-4.90,-8.20,-0.50,0.00,W,15.80,9.82,1026.3
2022-01-05,2022,1,5,37.04,39.11,27.14,51.08,2.80,-2.70,10.60,3.00,S,18.00,11.18,1014.1
2022-01-06,2022,1,6,40.28,37.49,32.00,42.98,4.60,0.00,6.10,0.00,W,17.30,10.75,1011.3
2022-01-07,2022,1,7,31.10,28.13,23.18,33.08,-0.50,-4.90,0.60,12.20,NW,21.60,13.42,1011.7
2022-01-08,2022,1,8,23.54,22.73,17.24,28.22,-4.70,-8.20,-2.10,0.00,W/NW,17.30,10.75,1029.7
2022-01-09,2022,1,9,31.46,32.09,21.20,42.98,-0.30,-6.00,6.10,0.30,SW,25.90,16.09,1020.1
2022-01-10,2022,1,10,32.90,31.01,22.10,39.92,0.50,-5.50,4.40,0.00,W,27.00,16.78,1015.6
2022-01-11,2022,1,11,15.62,15.17,8.24,22.10,-9.10,-13.20,-5.50,0.00,W/NW,21.20,13.17,1028.9
2022-01-12,2022,1,12,22.46,26.15,10.22,42.08,-5.30,-12.10,5.60,0.00,SW,20.90,12.99,1022.1
2022-01-13,2022,1,13,36.14,37.58,29.12,46.04,2.30,-1.60,7.80,0.00,SE,6.80,4.23,1016.3
2022-01-14,2022,1,14,37.04,28.13,15.26,41.00,2.80,-9.30,5.00,0.00,NULL,26.30,16.34,1008.8
2022-01-15,2022,1,15,12.92,9.68,4.10,15.26,-10.60,-15.50,-9.30,0.00,NW,27.70,17.21,1020.5
2022-01-16,2022,1,16,12.56,20.12,5.18,35.06,-10.80,-14.90,1.70,0.00,N,13.30,8.26,1027.4
2022-01-17,2022,1,17,38.66,41.99,35.06,48.92,3.70,1.70,9.40,18.50,S/SE,38.50,23.92,993.2
2022-01-18,2022,1,18,31.10,28.58,21.20,35.96,-0.50,-6.00,2.20,0.00,W/NW,29.20,18.14,1004.7
2022-01-19,2022,1,19,29.84,33.08,20.12,46.04,-1.20,-6.60,7.80,0.00,S/SW,22.30,13.86,1017
2022-01-20,2022,1,20,37.40,30.11,19.22,41.00,3.00,-7.10,5.00,3.80,W/NW,17.60,10.94,1019.1
2022-01-21,2022,1,21,17.60,15.62,9.14,22.10,-8.00,-12.70,-5.50,0.00,N/NW,17.60,10.94,1033.7
2022-01-22,2022,1,22,18.14,19.67,13.10,26.24,-7.70,-10.50,-3.20,0.00,N,14.40,8.95,1027.5
2022-01-23,2022,1,23,25.34,27.14,19.22,35.06,-3.70,-7.10,1.70,0.30,SW,16.20,10.07,1011.5
2022-01-24,2022,1,24,27.68,26.69,23.18,30.20,-2.40,-4.90,-1.00,1.00,N/NW,11.90,7.39,1011.9
2022-01-25,2022,1,25,32.90,34.61,28.22,41.00,0.50,-2.10,5.00,0.50,W/SW,14.40,8.95,1013.8
2022-01-26,2022,1,26,24.80,20.21,12.20,28.22,-4.00,-11.00,-2.10,0.00,NW,19.80,12.30,1025.3
2022-01-27,2022,1,27,16.52,18.14,9.14,27.14,-8.60,-12.70,-2.70,0.00,W,13.70,8.51,1029.3
2022-01-28,2022,1,28,28.94,30.56,25.16,35.96,-1.70,-3.80,2.20,0.30,W/SW,11.90,7.39,1020
2022-01-29,2022,1,29,23.36,20.66,12.20,29.12,-4.80,-11.00,-1.60,11.40,NULL,36.70,22.80,1002.1
2022-01-30,2022,1,30,15.26,16.70,10.22,23.18,-9.30,-12.10,-4.90,0.00,W,23.00,14.29,1010.3
2022-01-31,2022,1,31,20.84,22.64,14.18,31.10,-6.20,-9.90,-0.50,0.00,NW,8.60,5.34,1027.4
2022-02-01,2022,2,1,25.70,26.60,18.14,35.06,-3.50,-7.70,1.70,0.00,N,14.00,8.70,1034.9
2022-02-02,2022,2,2,35.06,36.59,31.10,42.08,1.70,-0.50,5.60,0.00,N,2.50,1.55,1031.4
2022-02-03,2022,2,3,39.74,41.00,35.06,46.94,4.30,1.70,8.30,4.30,S,11.90,7.39,1023.6
2022-02-04,2022,2,4,34.16,31.01,22.10,39.92,1.20,-5.50,4.40,47.50,N,19.10,11.87,1014.9
2022-02-05,2022,2,5,22.28,19.76,15.26,24.26,-5.40,-9.30,-4.30,1.30,NW,22.70,14.11,1021
2022-02-06,2022,2,6,17.78,18.68,10.22,27.14,-7.90,-12.10,-2.70,0.00,N/NW,11.20,6.96,1036.3
2022-02-07,2022,2,7,28.94,31.55,22.10,41.00,-1.70,-5.50,5.00,10.40,N/NE,6.80,4.23,1027.1
2022-02-08,2022,2,8,38.66,38.57,35.06,42.08,3.70,1.70,5.60,12.40,W/NW,18.00,11.18,1010.4
2022-02-09,2022,2,9,35.60,36.59,30.20,42.98,2.00,-1.00,6.10,0.00,SW,15.80,9.82,1015.6
2022-02-10,2022,2,10,38.66,40.64,30.20,51.08,3.70,-1.00,10.60,0.00,SW,15.50,9.63,1010.6
2022-02-11,2022,2,11,41.54,41.54,31.10,51.98,5.30,-0.50,11.10,0.00,S/SW,16.20,10.07,1014.6
2022-02-12,2022,2,12,49.28,49.55,39.02,60.08,9.60,3.90,15.60,0.00,SW,23.40,14.54,1012
2022-02-13,2022,2,13,33.62,32.09,25.16,39.02,0.90,-3.80,3.90,5.60,NULL,16.20,10.07,1019.7
2022-02-14,2022,2,14,21.56,19.67,14.18,25.16,-5.80,-9.90,-3.80,0.30,NW,23.00,14.29,1017.3
2022-02-15,2022,2,15,17.42,19.13,11.12,27.14,-8.10,-11.60,-2.70,0.00,W,18.00,11.18,1034.2
2022-02-16,2022,2,16,27.68,32.09,17.24,46.94,-2.40,-8.20,8.30,0.00,S,21.60,13.42,1037.2
2022-02-17,2022,2,17,50.54,51.98,42.98,60.98,10.30,6.10,16.10,0.80,S/SW,27.70,17.21,1018.1
2022-02-18,2022,2,18,51.26,43.61,25.16,62.06,10.70,-3.80,16.70,7.90,W,34.90,21.69,1002.7
2022-02-19,2022,2,19,28.58,29.57,20.12,39.02,-1.90,-6.60,3.90,0.00,W/SW,24.80,15.41,1014
2022-02-20,2022,2,20,24.44,24.62,16.16,33.08,-4.20,-8.80,0.60,0.00,W/SW,25.20,15.66,1026.4
2022-02-21,2022,2,21,37.94,42.08,31.10,53.06,3.30,-0.50,11.70,0.00,S/SW,16.60,10.31,1025.9
2022-02-22,2022,2,22,38.84,42.62,30.20,55.04,3.80,-1.00,12.80,8.90,E,14.40,8.95,1025.5
2022-02-23,2022,2,23,57.38,50.54,32.00,69.08,14.10,0.00,20.60,0.00,W/SW,28.10,17.46,1011.4
2022-02-24,2022,2,24,29.12,27.05,22.10,32.00,-1.60,-5.50,0.00,0.00,NW,15.50,9.63,1030.5
2022-02-25,2022,2,25,28.76,25.61,18.14,33.08,-1.80,-7.70,0.60,17.80,NE,23.40,14.54,1022.1
2022-02-26,2022,2,26,21.56,22.10,13.10,31.10,-5.80,-10.50,-0.50,0.00,W/NW,12.20,7.58,1026.7
2022-02-27,2022,2,27,30.02,31.55,22.10,41.00,-1.10,-5.50,5.00,0.00,W,24.50,15.22,1013.3
2022-02-28,2022,2,28,25.34,23.63,18.14,29.12,-3.70,-7.70,-1.60,0.00,NW,19.80,12.30,1022
2022-12-01,2022,12,1,42.62,39.47,35.96,42.98,5.90,2.20,6.10,0.00,W,25.90,16.09,1018
2022-12-02,2022,12,2,38.84,39.02,33.08,44.96,3.80,0.60,7.20,0.00,SW,13.70,8.51,1031.9
2022-12-03,2022,12,3,48.20,49.01,39.02,59.00,9.00,3.90,15.00,4.10,S/SW,27.00,16.78,1018.4
2022-12-04,2022,12,4,42.62,37.49,32.00,42.98,5.90,0.00,6.10,0.00,W/NW,14.40,8.95,1020.2
2022-12-05,2022,12,5,38.84,39.02,29.12,48.92,3.80,-1.60,9.40,0.00,S,14.80,9.20,1025.7
2022-12-06,2022,12,6,45.86,47.48,39.92,55.04,7.70,4.40,12.80,2.30,E/SE,10.40,6.46,1029.7
2022-12-07,2022,12,7,51.62,53.51,48.02,59.00,10.90,8.90,15.00,21.60,S/SE,16.60,10.31,1022
2022-12-08,2022,12,8,52.52,47.48,37.04,57.92,11.40,2.80,14.40,0.00,NW,23.40,14.54,1020.3
2022-12-09,2022,12,9,39.38,40.01,33.08,46.94,4.10,0.60,8.30,0.00,N/NW,22.30,13.86,1023.8
2022-12-10,2022,12,10,33.44,33.53,31.10,35.96,0.80,-0.50,2.20,0.00,N,20.90,12.99,1029.7
2022-12-11,2022,12,11,29.84,29.57,25.16,33.98,-1.20,-3.80,1.10,1.00,N,20.90,12.99,1026.4
2022-12-12,2022,12,12,27.86,29.12,24.26,33.98,-2.30,-4.30,1.10,0.00,N/NW,18.70,11.62,1021
2022-12-13,2022,12,13,32.36,33.62,26.24,41.00,0.20,-3.20,5.00,0.00,W/NW,23.00,14.29,1020
2022-12-14,2022,12,14,31.46,30.11,23.18,37.04,-0.30,-4.90,2.80,0.00,W/NW,29.90,18.58,1016.8
2022-12-15,2022,12,15,37.40,38.03,32.00,44.06,3.00,0.00,6.70,0.80,N/NE,23.00,14.29,1023.7
2022-12-16,2022,12,16,43.16,43.52,42.08,44.96,6.20,5.60,7.20,32.50,E/NE,39.60,24.61,1008.7
2022-12-17,2022,12,17,40.10,39.02,35.06,42.98,4.50,1.70,6.10,3.80,W/NW,24.50,15.22,1000.7
2022-12-18,2022,12,18,37.22,37.04,33.08,41.00,2.90,0.60,5.00,0.00,W,20.20,12.55,1009.9
2022-12-19,2022,12,19,35.06,36.59,31.10,42.08,1.70,-0.50,5.60,0.00,W,24.10,14.98,1017.4
2022-12-20,2022,12,20,34.52,35.60,30.20,41.00,1.40,-1.00,5.00,0.00,NW,20.50,12.74,1026.1
2022-12-21,2022,12,21,32.18,33.08,27.14,39.02,0.10,-2.70,3.90,0.00,W,9.70,6.03,1031.5
2022-12-22,2022,12,22,35.06,36.59,28.22,44.96,1.70,-2.10,7.20,3.60,E/NE,17.60,10.94,1030.1
2022-12-23,2022,12,23,48.92,38.12,19.22,57.02,9.40,-7.10,13.90,16.80,S/SE,46.80,29.08,993.9
2022-12-24,2022,12,24,18.32,15.62,11.12,20.12,-7.60,-11.60,-6.60,0.00,SW,29.90,18.58,1003.4
2022-12-25,2022,12,25,18.50,20.66,14.18,27.14,-7.50,-9.90,-2.70,0.00,SW,24.10,14.98,1010.2
2022-12-26,2022,12,26,25.88,27.59,21.20,33.98,-3.40,-6.00,1.10,0.00,W/SW,18.40,11.43,1019.7
2022-12-27,2022,12,27,30.74,32.09,28.22,35.96,-0.70,-2.10,2.20,0.00,W,16.20,10.07,1023.2
2022-12-28,2022,12,28,32.36,33.62,24.26,42.98,0.20,-4.30,6.10,0.00,S/SW,13.70,8.51,1025.3
2022-12-29,2022,12,29,40.82,42.98,32.00,53.96,4.90,0.00,12.20,0.00,S/SW,12.20,7.58,1024.4
2022-12-30,2022,12,30,48.38,50.99,39.02,62.96,9.10,3.90,17.20,0.00,S/SW,14.00,8.70,1023.1
2022-12-31,2022,12,31,49.28,49.01,44.06,53.96,9.60,6.70,12.20,8.90,S/SW,14.80,9.20,1015.3
