full_date,years,months,days,temp_avg_min_max_c,temp_average_C,temp_min_C,temp_max_C,precipitation,wind_direction,wind_speed_KM,sea_pressure
2014-01-01,2014,1,1,-4.350000,-4.40,-7.10,-1.60,0.00,W/NW,15.10,1026.8
2014-01-02,2014,1,2,-9.900000,-6.40,-16.60,-3.20,9.70,N,28.10,1021.2
2014-01-03,2014,1,3,-13.250000,-14.20,-16.60,-9.90,4.80,N/NW,27.40,1016
2014-01-04,2014,1,4,-9.650000,-12.00,-16.60,-2.70,0.00,NULL,19.80,1028.9
2014-01-05,2014,1,5,-0.500000,-1.70,-4.30,3.30,1.00,NULL,13.00,1023.9
2014-01-06,2014,1,6,5.850000,6.80,-1.60,13.30,8.10,NULL,22.30,NULL
2014-01-07,2014,1,7,-7.150000,-6.30,-12.70,-1.60,0.00,W,31.70,NULL
2014-01-08,2014,1,8,-9.650000,-10.60,-13.80,-5.50,0.00,W/SW,20.50,1029
2014-01-09,2014,1,9,-4.050000,-5.20,-7.10,-1.00,0.00,NULL,13.70,1034.7
2014-01-10,2014,1,10,-2.450000,-3.80,-7.70,2.80,0.50,S,7.90,1031.4
2014-01-11,2014,1,11,8.050000,6.20,1.10,15.00,13.70,NULL,18.40,1008.8
2014-01-12,2014,1,12,7.500000,8.80,2.80,12.20,0.00,W,25.90,1002.2
2014-01-13,2014,1,13,5.050000,4.60,-0.50,10.60,0.00,S/SW,18.40,1017
2014-01-14,2014,1,14,8.350000,8.30,6.70,10.00,20.10,NULL,12.60,NULL
2014-01-15,2014,1,15,5.300000,6.10,1.70,8.90,0.00,NULL,10.40,1013.6
2014-01-16,2014,1,16,2.250000,2.80,0.60,3.90,0.00,NULL,5.00,NULL
2014-01-17,2014,1,17,4.200000,4.00,0.60,7.80,0.00,NULL,12.60,NULL
2014-01-18,2014,1,18,1.650000,1.80,0.00,3.30,20.10,NULL,11.20,NULL
2014-01-19,2014,1,19,0.350000,0.40,-1.00,1.70,0.80,W/SW,23.80,1003.6
2014-01-20,2014,1,20,0.900000,1.60,-3.20,5.00,0.00,W/SW,24.10,1002.4
2014-01-21,2014,1,21,-7.400000,-6.60,-11.60,-3.20,2.80,NULL,18.70,1015.4
2014-01-22,2014,1,22,-10.750000,-11.30,-13.80,-7.70,0.00,N/NW,26.60,NULL
2014-01-23,2014,1,23,-9.900000,-10.90,-14.30,-5.50,0.00,W,20.50,1016.6
2014-01-24,2014,1,24,-10.450000,-10.70,-13.80,-7.10,0.00,W,22.00,1022.1
2014-01-25,2014,1,25,-3.000000,-4.30,-9.30,3.30,0.00,S/SW,27.70,1004.3
2014-01-26,2014,1,26,-6.000000,-5.60,-8.80,-3.20,0.00,W/SW,25.20,1005.6
2014-01-27,2014,1,27,1.150000,-0.50,-6.00,8.30,0.50,SW,22.30,1006.6
2014-01-28,2014,1,28,-8.250000,-7.40,-10.50,-6.00,0.00,NULL,20.50,1023.2
2014-01-29,2014,1,29,-6.000000,-6.90,-9.30,-2.70,0.30,NULL,15.80,1019.5
2014-01-30,2014,1,30,-4.900000,-5.40,-8.80,-1.00,0.00,W/SW,15.80,1027.1
2014-01-31,2014,1,31,0.300000,-1.10,-5.50,6.10,0.00,W/SW,14.80,1019.2
2014-02-01,2014,2,1,2.800000,3.30,0.00,5.60,0.00,NULL,13.30,1024.2
2014-02-02,2014,2,2,6.150000,4.40,-0.50,12.80,0.50,NULL,10.80,1013.8
2014-02-03,2014,2,3,1.150000,2.40,-2.70,5.00,4.30,N,14.80,1021.7
2014-02-04,2014,2,4,-1.600000,-1.80,-4.90,1.70,0.00,NULL,9.70,1028.8
2014-02-05,2014,2,5,-1.850000,-0.70,-4.30,0.60,28.20,NE,17.30,1014.4
2014-02-06,2014,2,6,-4.600000,-4.80,-7.10,-2.10,0.00,NULL,12.60,1021.8
2014-02-07,2014,2,7,-4.050000,-4.30,-7.10,-1.00,0.00,W/SW,17.30,1022.8
2014-02-08,2014,2,8,-4.650000,-4.20,-7.70,-1.60,0.00,W,16.20,1023.2
2014-02-09,2014,2,9,-3.500000,-3.50,-6.00,-1.00,0.80,NULL,12.20,1018.9
2014-02-10,2014,2,10,-3.800000,-3.60,-6.60,-1.00,0.00,W/NW,18.70,1016.9
2014-02-11,2014,2,11,-6.850000,-6.40,-9.90,-3.80,0.00,W/NW,16.60,1025.8
2014-02-12,2014,2,12,-9.050000,-8.60,-13.20,-4.90,0.00,N,12.20,1032.7
2014-02-13,2014,2,13,-1.900000,-1.60,-6.00,2.20,34.30,E/NE,32.00,1012.1
2014-02-14,2014,2,14,0.600000,1.10,-1.60,2.80,7.90,W,29.50,NULL
2014-02-15,2014,2,15,-0.500000,-0.10,-2.70,1.70,8.40,NULL,15.50,1006.4
2014-02-16,2014,2,16,-2.150000,-1.90,-4.90,0.60,0.50,W/NW,26.60,1006.7
2014-02-17,2014,2,17,-5.750000,-5.30,-9.90,-1.60,0.00,NW,23.80,1022.8
2014-02-18,2014,2,18,-4.100000,-4.70,-9.90,1.70,5.60,N,16.90,1020.7
2014-02-19,2014,2,19,-1.900000,-1.70,-6.00,2.20,6.40,NULL,13.00,1013.3
2014-02-20,2014,2,20,4.750000,3.70,0.60,8.90,2.00,W/SW,15.10,1019.6
2014-02-21,2014,2,21,3.900000,2.80,1.10,6.70,5.60,NULL,14.40,1014.2
2014-02-22,2014,2,22,5.550000,5.30,1.10,10.00,0.00,SW,23.00,1012.8
2014-02-23,2014,2,23,6.100000,5.90,1.10,11.10,0.00,S/SW,9.70,1012.9
2014-02-24,2014,2,24,1.450000,3.30,-4.30,7.20,0.00,W,26.30,1009.1
2014-02-25,2014,2,25,-3.550000,-3.70,-5.50,-1.60,0.00,W,16.90,1013.9
2014-02-26,2014,2,26,-4.400000,-4.70,-8.80,0.00,0.00,W/SW,18.70,1011.3
2014-02-27,2014,2,27,-6.000000,-6.60,-11.00,-1.00,0.50,NULL,19.10,1007.5
2014-02-28,2014,2,28,-7.950000,-7.70,-12.10,-3.80,0.00,W,19.10,1024
2014-12-01,2014,12,1,10.850000,12.30,3.90,17.80,0.30,W,21.60,1019.6
2014-12-02,2014,12,2,3.100000,3.20,0.60,5.60,2.50,NE,24.10,1036.4
2014-12-03,2014,12,3,6.700000,6.50,2.80,10.60,11.20,W/SW,19.80,1018
2014-12-04,2014,12,4,2.550000,4.60,-1.00,6.10,0.00,W,18.70,1026.4
2014-12-05,2014,12,5,1.200000,0.50,-3.20,5.60,2.80,NE,16.90,1036.1
2014-12-06,2014,12,6,5.250000,5.10,3.30,7.20,27.70,NULL,13.00,1024
2014-12-07,2014,12,7,-1.350000,2.10,-6.00,3.30,3.30,N,24.10,1032
2014-12-08,2014,12,8,-4.650000,-5.60,-7.70,-1.60,0.80,N,21.20,1039.1
2014-12-09,2014,12,9,3.900000,3.60,-1.60,9.40,73.70,NE,31.70,1016
2014-12-10,2014,12,10,6.100000,6.20,3.30,8.90,7.10,N,20.50,998.8
2014-12-11,2014,12,11,1.950000,2.40,0.00,3.90,0.50,SW,20.90,1002.8
2014-12-12,2014,12,12,1.700000,1.00,-0.50,3.90,0.00,W,17.30,1010.7
2014-12-13,2014,12,13,2.800000,1.90,0.00,5.60,0.00,W/NW,18.70,1009.7
2014-12-14,2014,12,14,3.900000,2.80,0.60,7.20,0.00,W/NW,15.80,1010.1
2014-12-15,2014,12,15,2.800000,2.20,0.00,5.60,0.00,NULL,9.00,1017
2014-12-16,2014,12,16,4.200000,3.40,1.70,6.70,0.00,NULL,6.80,1019.2
2014-12-17,2014,12,17,7.200000,7.00,5.00,9.40,10.90,NW,18.40,1007.5
2014-12-18,2014,12,18,4.450000,4.80,2.20,6.70,0.30,W,22.00,1008.3
2014-12-19,2014,12,19,0.600000,2.10,-1.60,2.80,0.00,W/NW,17.60,1014.8
2014-12-20,2014,12,20,-0.250000,-0.90,-2.70,2.20,0.00,NULL,15.50,1024.5
2014-12-21,2014,12,21,0.600000,0.70,-1.00,2.20,0.00,N,14.80,1026.6
2014-12-22,2014,12,22,3.650000,2.60,0.60,6.70,1.30,NULL,12.20,1027.7
2014-12-23,2014,12,23,6.950000,6.40,5.60,8.30,6.40,NE,20.50,1023.5
2014-12-24,2014,12,24,6.400000,6.40,5.00,7.80,14.20,NULL,10.40,1013.8
2014-12-25,2014,12,25,10.850000,10.10,6.70,15.00,3.60,NULL,22.70,NULL
2014-12-26,2014,12,26,6.400000,6.90,2.80,10.00,0.00,W/SW,16.90,1019.3
2014-12-27,2014,12,27,7.200000,6.90,3.30,11.10,0.00,W/SW,14.80,1020.8
2014-12-28,2014,12,28,7.750000,7.90,4.40,11.10,0.30,W/SW,21.60,1011.5
2014-12-29,2014,12,29,2.000000,4.10,-1.00,5.00,0.00,W,14.00,1019.5
2014-12-30,2014,12,30,-3.250000,-2.40,-5.50,-1.00,0.00,NW,15.80,1026.4
2014-12-31,2014,12,31,-3.800000,-4.30,-6.60,-1.00,0.00,W,15.10,1024.5
2015-01-01,2015,1,1,-2.450000,-3.30,-5.50,0.60,0.00,SW,23.00,1016.1
2015-01-02,2015,1,2,2.250000,1.30,-0.50,5.00,0.00,W/SW,20.50,1019.8
2015-01-03,2015,1,3,-1.350000,-2.10,-5.50,2.80,15.70,NULL,16.60,1034.7
2015-01-04,2015,1,4,6.400000,3.50,1.70,11.10,14.50,NULL,13.30,NULL
2015-01-05,2015,1,5,0.900000,4.20,-8.20,10.00,0.00,W,35.60,1014.2
2015-01-06,2015,1,6,-8.500000,-8.20,-9.30,-7.70,0.50,NULL,14.00,1023.7
2015-01-07,2015,1,7,-9.350000,-7.30,-15.50,-3.20,0.00,W,25.20,1012.4
2015-01-08,2015,1,8,-12.650000,-13.40,-18.20,-7.10,0.00,W,23.00,1024.3
2015-01-09,2015,1,9,-4.050000,-4.80,-7.10,-1.00,0.30,SW,23.00,1016.2
2015-01-10,2015,1,10,-6.250000,-5.60,-8.20,-4.30,0.00,W,18.70,1026.9
2015-01-11,2015,1,11,-4.350000,-6.10,-9.30,0.60,0.00,SW,15.50,1035.3
2015-01-12,2015,1,12,1.950000,1.70,0.60,3.30,5.10,NULL,15.10,NULL
2015-01-13,2015,1,13,-3.800000,-2.70,-9.30,1.70,0.00,NULL,16.90,1032.9
2015-01-14,2015,1,14,-6.850000,-7.60,-9.90,-3.80,0.00,NW,14.00,1030.4
2015-01-15,2015,1,15,-2.150000,-3.30,-3.80,-0.50,3.00,W/NW,15.50,1016.5
2015-01-16,2015,1,16,-3.000000,-2.10,-9.30,3.30,0.00,W,25.20,1009.3
2015-01-17,2015,1,17,-9.100000,-8.80,-12.70,-5.50,0.00,W,17.60,1026.1
2015-01-18,2015,1,18,2.000000,-0.20,-6.60,10.60,3.80,NULL,15.80,NULL
2015-01-19,2015,1,19,3.900000,5.70,0.00,7.80,0.00,W,24.50,1003.9
2015-01-20,2015,1,20,0.600000,0.80,-2.70,3.90,0.00,W,21.60,1009.9
2015-01-21,2015,1,21,-2.200000,-2.70,-5.50,1.10,0.00,NULL,10.80,1020.5
2015-01-22,2015,1,22,0.600000,0.00,-1.60,2.80,0.00,NULL,11.20,1022.3
2015-01-23,2015,1,23,-0.750000,-0.70,-4.30,2.80,0.00,NULL,16.60,1021.3
2015-01-24,2015,1,24,0.300000,0.20,-0.50,1.10,18.00,W/NW,16.60,999.7
2015-01-25,2015,1,25,-1.900000,0.80,-7.10,3.30,0.00,W,23.00,1003.2
2015-01-26,2015,1,26,-6.600000,-6.60,-11.60,-1.60,2.50,N,26.30,1018
2015-01-27,2015,1,27,-8.500000,-7.60,-9.90,-7.10,24.10,NULL,35.60,1002.1
2015-01-28,2015,1,28,-7.400000,-8.60,-10.50,-4.30,0.30,W/NW,20.50,1014
2015-01-29,2015,1,29,-6.050000,-5.90,-12.10,0.00,0.00,NULL,6.80,1023.7
2015-01-30,2015,1,30,-3.000000,-0.70,-7.10,1.10,1.50,W/SW,19.10,1009.7
2015-01-31,2015,1,31,-8.800000,-7.60,-11.60,-6.00,1.30,W/NW,35.30,1010.9
2015-02-01,2015,2,1,-6.000000,-7.10,-11.00,-1.00,0.00,W,19.10,1019.9
2015-02-02,2015,2,2,-6.300000,-6.70,-12.10,-0.50,19.80,N,29.20,NULL
2015-02-03,2015,2,3,-9.900000,-10.50,-14.30,-5.50,0.00,W,20.90,1019.5
2015-02-04,2015,2,4,-3.300000,-4.90,-9.90,3.30,0.30,S/SW,15.10,1021.6
2015-02-05,2015,2,5,-5.800000,-0.70,-13.80,2.20,2.30,W/NW,23.80,1013.8
2015-02-06,2015,2,6,-10.450000,-11.30,-14.90,-6.00,0.00,W,18.40,1019.3
2015-02-07,2015,2,7,-5.200000,-5.20,-8.80,-1.60,1.80,SW,17.30,NULL
2015-02-08,2015,2,8,-6.050000,-3.60,-10.50,-1.60,9.40,NULL,21.60,NULL
2015-02-09,2015,2,9,-6.850000,-8.30,-9.90,-3.80,22.40,NULL,24.10,1019.8
2015-02-10,2015,2,10,-5.450000,-6.70,-9.90,-1.00,1.30,N,18.00,1019.2
2015-02-11,2015,2,11,-6.850000,-5.80,-9.90,-3.80,0.30,N,18.70,1018.1
2015-02-12,2015,2,12,-4.900000,-6.20,-8.80,-1.00,0.80,NULL,8.60,NULL
2015-02-13,2015,2,13,-9.650000,-8.80,-13.80,-5.50,0.00,W/NW,24.80,1013.8
2015-02-14,2015,2,14,-8.500000,-10.40,-16.00,-1.00,5.80,NULL,15.50,1010.7
2015-02-15,2015,2,15,-12.700000,-7.10,-18.80,-6.60,9.90,NW,33.50,1000
2015-02-16,2015,2,16,-13.200000,-14.20,-19.30,-7.10,0.00,W,31.70,1013.1
2015-02-17,2015,2,17,-8.500000,-9.70,-12.10,-4.90,0.50,N/NW,12.60,1013.9
2015-02-18,2015,2,18,-4.900000,-4.80,-8.20,-1.60,0.30,NULL,8.60,1010.8
2015-02-19,2015,2,19,-6.550000,-3.70,-12.10,-1.00,1.50,W,22.70,NULL
2015-02-20,2015,2,20,-10.750000,-11.40,-14.90,-6.60,0.00,W,29.90,1016.3
2015-02-21,2015,2,21,-7.200000,-8.50,-15.50,1.10,4.30,S/SW,18.00,1029.1
2015-02-22,2015,2,22,0.900000,0.80,-2.10,3.90,2.80,NULL,8.30,NULL
2015-02-23,2015,2,23,-7.450000,-3.00,-15.50,0.60,0.00,W/NW,23.40,1021.6
2015-02-24,2015,2,24,-11.850000,-12.90,-16.60,-7.10,0.00,SW,15.10,1022.5
2015-02-25,2015,2,25,-4.100000,-5.00,-9.90,1.70,1.80,NULL,17.30,1009
2015-02-26,2015,2,26,-6.850000,-6.00,-8.20,-5.50,0.50,NULL,14.80,1017.3
2015-02-27,2015,2,27,-6.000000,-6.50,-9.30,-2.70,0.00,NULL,13.30,1026.9
2015-02-28,2015,2,28,-5.750000,-6.20,-11.00,-0.50,0.00,NULL,14.00,1038.8
2015-12-01,2015,12,1,3.600000,3.20,0.00,7.20,3.60,NULL,9.70,1025.4
2015-12-02,2015,12,2,7.250000,6.10,3.90,10.60,8.10,NULL,6.10,NULL
2015-12-03,2015,12,3,8.050000,9.00,5.00,11.10,0.00,NULL,22.70,NULL
2015-12-04,2015,12,4,6.100000,5.90,3.30,8.90,0.00,W,17.30,1026.9
2015-12-05,2015,12,5,7.800000,6.90,3.90,11.70,0.00,W/SW,10.80,1035.8
2015-12-06,2015,12,6,8.600000,6.80,2.20,15.00,0.00,SW,13.00,1029.1
2015-12-07,2015,12,7,8.050000,7.40,2.80,13.30,0.00,NULL,11.90,1019.1
2015-12-08,2015,12,8,4.750000,5.60,2.80,6.70,0.00,N,16.90,1019.8
2015-12-09,2015,12,9,5.300000,4.70,2.80,7.80,0.00,NULL,12.20,1020.9
2015-12-10,2015,12,10,10.250000,8.90,6.10,14.40,0.00,NULL,7.90,1015.5
2015-12-11,2015,12,11,10.250000,9.60,6.10,14.40,0.00,NULL,12.60,NULL
2015-12-12,2015,12,12,12.750000,11.90,9.40,16.10,0.00,NULL,11.50,1018
2015-12-13,2015,12,13,9.750000,10.40,7.80,11.70,0.00,NE,10.80,1022.2
2015-12-14,2015,12,14,11.100000,8.40,7.80,14.40,10.70,NULL,6.80,1012.4
2015-12-15,2015,12,15,12.500000,12.70,8.90,16.10,4.80,W,22.70,996.9
2015-12-16,2015,12,16,6.100000,6.80,3.30,8.90,0.00,NE,14.00,1019.2
2015-12-17,2015,12,17,7.500000,6.60,3.90,11.10,14.00,SE,13.00,1014.6
2015-12-18,2015,12,18,7.500000,9.40,3.90,11.10,1.00,W/NW,16.90,1003.4
2015-12-19,2015,12,19,2.500000,3.60,0.60,4.40,0.00,W,24.80,1011.9
2015-12-20,2015,12,20,2.250000,2.10,-0.50,5.00,0.00,W/SW,16.60,1027.5
2015-12-21,2015,12,21,5.850000,5.30,0.00,11.70,0.00,S/SW,25.90,1022.2
2015-12-22,2015,12,22,12.250000,11.30,8.90,15.60,5.80,S/SW,14.40,1015.6
2015-12-23,2015,12,23,10.250000,10.90,7.20,13.30,19.30,NULL,11.90,1021.8
2015-12-24,2015,12,24,14.750000,12.60,8.90,20.60,6.10,NULL,13.00,NULL
2015-12-25,2015,12,25,13.050000,14.10,9.40,16.70,0.00,NULL,9.00,1020.6
2015-12-26,2015,12,26,8.900000,9.70,5.00,12.80,0.00,NE,10.80,1031.2
2015-12-27,2015,12,27,6.650000,7.90,3.30,10.00,6.60,NULL,10.10,1014.3
2015-12-28,2015,12,28,0.850000,1.90,-1.60,3.30,0.00,N,21.60,1030.3
2015-12-29,2015,12,29,0.050000,0.70,-4.30,4.40,25.90,NE,29.20,NULL
2015-12-30,2015,12,30,-0.500000,-3.10,-3.80,2.80,0.80,N/NW,10.10,1026.1
2015-12-31,2015,12,31,4.450000,3.20,0.60,8.30,2.00,NULL,14.00,1015.9
2016-01-01,2016,1,1,2.800000,3.90,0.60,5.00,0.00,W/SW,20.50,1013.5
2016-01-02,2016,1,2,1.950000,1.70,-0.50,4.40,0.00,W/SW,21.60,1013.3
2016-01-03,2016,1,3,3.100000,2.20,-0.50,6.70,0.00,W/SW,18.70,1008.7
2016-01-04,2016,1,4,-3.850000,-1.10,-9.90,2.20,0.00,NW,19.80,1016.5
2016-01-05,2016,1,5,-8.200000,-8.90,-13.20,-3.20,0.00,W/NW,16.20,1033
2016-01-06,2016,1,6,0.600000,-1.20,-6.00,7.20,0.00,SW,16.20,1031.1
2016-01-07,2016,1,7,1.450000,0.60,-3.20,6.10,0.00,W/NW,10.40,1025.9
2016-01-08,2016,1,8,2.300000,1.40,-1.00,5.60,0.00,N/NE,17.60,1024.6
2016-01-09,2016,1,9,4.150000,4.20,3.30,5.00,0.30,NULL,9.70,1024.2
2016-01-10,2016,1,10,8.850000,7.20,3.30,14.40,35.10,E/SE,24.10,1005.8
2016-01-11,2016,1,11,3.400000,4.30,-3.80,10.60,0.00,W,31.00,1007.5
2016-01-12,2016,1,12,-1.600000,-1.90,-6.00,2.80,2.00,S,15.50,1012.3
2016-01-13,2016,1,13,-2.700000,-1.50,-6.00,0.60,0.00,W,31.70,1006.5
2016-01-14,2016,1,14,-3.500000,-4.30,-6.00,-1.00,0.00,W/SW,16.90,1012.6
2016-01-15,2016,1,15,1.200000,-0.40,-3.20,5.60,0.00,NULL,10.40,1013.8
2016-01-16,2016,1,16,3.600000,3.70,1.10,6.10,31.00,NW,15.10,999.1
2016-01-17,2016,1,17,0.850000,1.80,-1.60,3.30,2.50,NW,15.10,1007.8
2016-01-18,2016,1,18,-4.350000,-2.70,-7.10,-1.60,2.80,W,27.00,NULL
2016-01-19,2016,1,19,-6.300000,-6.60,-8.80,-3.80,0.00,W,35.30,1007.2
2016-01-20,2016,1,20,-3.250000,-4.70,-7.10,0.60,0.00,W/NW,30.20,1015.6
2016-01-21,2016,1,21,-2.700000,-2.80,-6.00,0.60,0.00,W/NW,22.30,1017.2
2016-01-22,2016,1,22,-3.550000,-4.30,-7.10,0.00,0.00,NW,18.40,1021.8
2016-01-23,2016,1,23,-3.300000,-1.90,-6.60,0.00,9.40,N,32.80,1013.6
2016-01-24,2016,1,24,-2.750000,-4.10,-7.70,2.20,0.00,NULL,18.00,1011.3
2016-01-25,2016,1,25,-0.750000,-0.60,-3.20,1.70,0.00,NULL,11.50,1023.2
2016-01-26,2016,1,26,4.250000,2.60,-2.10,10.60,0.00,S/SW,23.00,1015.6
2016-01-27,2016,1,27,3.350000,6.10,-0.50,7.20,0.00,W,19.40,1014.1
2016-01-28,2016,1,28,1.200000,1.10,-3.20,5.60,0.00,S/SW,13.00,1013.7
2016-01-29,2016,1,29,2.800000,2.10,0.60,5.00,0.00,NULL,11.90,999
2016-01-30,2016,1,30,2.550000,2.20,-1.00,6.10,0.00,W/SW,22.00,1012.5
2016-01-31,2016,1,31,8.600000,6.10,3.30,13.90,0.00,S/SW,19.10,1011.3
2016-02-01,2016,2,1,11.100000,9.70,3.90,18.30,0.00,W/SW,22.30,1008.1
2016-02-02,2016,2,2,6.100000,6.60,2.20,10.00,0.00,W,11.20,1024.2
2016-02-03,2016,2,3,7.800000,5.30,1.70,13.90,8.40,S/SE,23.40,NULL
2016-02-04,2016,2,4,9.700000,12.50,6.10,13.30,0.30,W,16.90,1013.9
2016-02-05,2016,2,5,1.150000,2.80,-3.80,6.10,24.40,N/NW,21.60,NULL
2016-02-06,2016,2,6,-1.300000,-1.80,-4.30,1.70,0.00,W/SW,16.90,1026.1
2016-02-07,2016,2,7,2.550000,0.90,-1.60,6.70,0.00,S,15.80,1020.7
2016-02-08,2016,2,8,-2.200000,-1.70,-7.70,3.30,13.50,N,34.20,1010.2
2016-02-09,2016,2,9,-4.100000,-5.20,-6.60,-1.60,0.00,NULL,10.10,1004.9
2016-02-10,2016,2,10,-2.200000,-2.00,-6.60,2.20,0.00,NULL,10.80,1002.3
2016-02-11,2016,2,11,-6.050000,-2.40,-11.60,-0.50,0.30,W,27.00,1007.6
2016-02-12,2016,2,12,-8.750000,-9.70,-13.20,-4.30,0.00,W/SW,18.70,1018.7
2016-02-13,2016,2,13,-12.100000,-6.70,-19.90,-4.30,0.00,W,26.30,1012.8
2016-02-14,2016,2,14,-16.850000,-17.70,-22.70,-11.00,0.00,W/NW,27.70,1027.8
2016-02-15,2016,2,15,-6.900000,-11.60,-15.50,1.70,6.60,NULL,10.10,1033.1
2016-02-16,2016,2,16,5.850000,4.30,-0.50,12.20,16.80,NULL,23.00,NULL
2016-02-17,2016,2,17,4.450000,5.30,1.10,7.80,0.00,W,17.30,1011.6
2016-02-18,2016,2,18,-1.300000,0.40,-4.30,1.70,0.00,NW,19.40,1026.6
2016-02-19,2016,2,19,-1.900000,-2.40,-6.60,2.80,0.00,NULL,14.40,1031.4
2016-02-20,2016,2,20,8.100000,6.10,0.60,15.60,0.30,S,22.30,1012.4
2016-02-21,2016,2,21,8.900000,9.80,5.60,12.20,0.00,W,20.20,1010.4
2016-02-22,2016,2,22,2.550000,4.30,-1.00,6.10,0.00,N/NE,13.30,1019.9
2016-02-23,2016,2,23,0.350000,0.30,-3.20,3.90,0.00,NULL,18.40,1029.9
2016-02-24,2016,2,24,8.600000,3.80,3.30,13.90,15.00,NE,19.40,NULL
2016-02-25,2016,2,25,10.850000,12.10,5.00,16.70,20.60,S/SW,35.60,990.5
2016-02-26,2016,2,26,0.900000,3.50,-3.20,5.00,0.00,W,30.60,1003.9
2016-02-27,2016,2,27,-1.050000,-1.90,-6.00,3.90,0.00,NULL,19.80,1015.3
2016-02-28,2016,2,28,8.300000,5.80,2.20,14.40,0.00,SW,23.40,1009.6
2016-02-29,2016,2,29,11.950000,10.10,6.10,17.80,0.00,SW,26.30,1002.8
2016-12-01,2016,12,1,10.000000,10.10,6.10,13.90,7.90,W,25.20,1000.5
2016-12-02,2016,12,2,6.950000,7.20,3.30,10.60,0.00,W/SW,23.00,1007.2
2016-12-03,2016,12,3,4.200000,5.40,1.70,6.70,0.00,W/NW,25.20,1011.8
2016-12-04,2016,12,4,2.550000,2.70,-0.50,5.60,0.00,NW,16.20,1021.3
2016-12-05,2016,12,5,1.950000,1.30,-0.50,4.40,3.60,NULL,12.60,NULL
2016-12-06,2016,12,6,3.900000,3.80,1.10,6.70,0.00,N/NW,12.20,1018.1
2016-12-07,2016,12,7,3.900000,4.40,2.20,5.60,2.00,NULL,12.20,1015
2016-12-08,2016,12,8,3.600000,3.90,1.10,6.10,0.00,W/SW,17.60,1011.8
2016-12-09,2016,12,9,-0.500000,1.20,-3.80,2.80,0.00,W,25.90,1014.9
2016-12-10,2016,12,10,-3.800000,-3.60,-6.00,-1.60,0.00,W/NW,19.10,1026
2016-12-11,2016,12,11,-2.450000,-3.30,-6.60,1.70,0.50,W/SW,11.90,1031.4
2016-12-12,2016,12,12,2.550000,2.50,-1.60,6.70,10.70,S/SW,18.00,1012.4
2016-12-13,2016,12,13,3.900000,3.40,1.70,6.10,0.00,W/SW,16.90,1017.3
2016-12-14,2016,12,14,1.450000,3.10,-2.70,5.60,0.00,W,18.00,1012.7
2016-12-15,2016,12,15,-4.950000,-2.70,-9.90,0.00,0.00,W,35.30,1007.6
2016-12-16,2016,12,16,-10.750000,-10.80,-15.50,-6.00,0.00,W,22.70,1026.4
2016-12-17,2016,12,17,-1.900000,-3.40,-6.00,2.20,13.50,S,11.50,NULL
2016-12-18,2016,12,18,7.250000,6.90,0.60,13.90,2.80,SW,28.10,1011.9
2016-12-19,2016,12,19,-3.250000,-2.60,-7.10,0.60,0.00,N/NW,18.40,1037.7
2016-12-20,2016,12,20,-3.300000,-4.60,-7.70,1.10,0.00,NULL,13.30,1031.4
2016-12-21,2016,12,21,2.800000,1.80,-1.60,7.20,0.00,W/SW,18.40,1019.1
2016-12-22,2016,12,22,1.700000,1.80,-0.50,3.90,0.50,SW,12.60,1016.8
2016-12-23,2016,12,23,4.750000,3.70,1.70,7.80,0.00,W,17.60,1025.2
2016-12-24,2016,12,24,4.450000,4.40,1.70,7.20,9.70,SW,18.70,1020.6
2016-12-25,2016,12,25,2.250000,4.20,-2.70,7.20,0.00,W/NW,19.10,1030
2016-12-26,2016,12,26,2.300000,-0.90,-4.30,8.90,0.30,NE,16.60,1036.3
2016-12-27,2016,12,27,9.150000,10.50,3.90,14.40,0.00,W/SW,32.00,1008.1
2016-12-28,2016,12,28,2.800000,4.00,0.00,5.60,0.00,W/NW,17.30,1016.1
2016-12-29,2016,12,29,2.250000,1.60,-1.60,6.10,29.50,NULL,18.40,1009
2016-12-30,2016,12,30,2.000000,2.40,-1.00,5.00,0.00,W,28.40,998.9
2016-12-31,2016,12,31,1.200000,-0.30,-3.20,5.60,1.80,SW,22.70,1016
2017-01-01,2017,1,1,3.650000,4.40,0.60,6.70,1.80,W,22.70,1019.2
2017-01-02,2017,1,2,1.450000,1.70,-2.10,5.00,0.00,NULL,7.20,1032.7
2017-01-03,2017,1,3,5.550000,5.20,4.40,6.70,22.60,E/NE,29.20,1016.4
2017-01-04,2017,1,4,4.750000,5.90,0.60,8.90,1.50,W,20.20,995.8
2017-01-05,2017,1,5,-0.800000,-0.10,-2.70,1.10,0.00,W/SW,23.80,1009.7
2017-01-06,2017,1,6,-2.400000,-1.80,-4.30,-0.50,1.50,W/NW,13.00,1017.5
2017-01-07,2017,1,7,-6.250000,-5.20,-8.20,-4.30,13.50,N/NW,23.00,1023.1
2017-01-08,2017,1,8,-8.000000,-7.80,-10.50,-5.50,0.30,W/NW,21.60,1022.5
2017-01-09,2017,1,9,-9.100000,-9.20,-11.60,-6.60,0.00,W/SW,18.00,1037.4
2017-01-10,2017,1,10,-2.450000,-5.10,-8.80,3.90,3.60,NULL,15.10,1035.3
2017-01-11,2017,1,11,8.350000,7.40,3.90,12.80,2.30,S/SW,24.10,1023.3
2017-01-12,2017,1,12,10.550000,10.10,5.00,16.10,3.80,S/SW,23.40,1016.3
2017-01-13,2017,1,13,5.300000,9.20,-3.80,14.40,0.00,W/NW,26.30,1025.8
2017-01-14,2017,1,14,-4.100000,-3.40,-7.70,-0.50,0.00,NULL,15.50,1035
2017-01-15,2017,1,15,0.050000,-0.30,-2.70,2.80,0.00,W/NW,14.80,1025.9
2017-01-16,2017,1,16,0.350000,-0.40,-4.90,5.60,0.00,NULL,15.50,1027.7
2017-01-17,2017,1,17,2.800000,2.90,0.00,5.60,7.60,NE,18.40,1022.5
2017-01-18,2017,1,18,2.200000,3.20,0.00,4.40,9.10,NE,22.30,1016.3
2017-01-19,2017,1,19,3.650000,2.60,-0.50,7.80,0.00,NULL,13.00,1015.7
2017-01-20,2017,1,20,2.750000,3.40,1.10,4.40,0.00,NULL,8.60,1015.5
2017-01-21,2017,1,21,7.800000,6.00,2.80,12.80,0.00,SW,11.50,1009.4
2017-01-22,2017,1,22,6.400000,6.60,3.90,8.90,1.50,NULL,17.60,NULL
2017-01-23,2017,1,23,3.050000,3.30,1.70,4.40,7.90,E/NE,40.70,1014.6
2017-01-24,2017,1,24,3.650000,3.80,1.70,5.60,27.70,N,39.20,NULL
2017-01-25,2017,1,25,4.450000,3.60,2.20,6.70,0.50,W,25.20,997.7
2017-01-26,2017,1,26,6.700000,5.70,2.80,10.60,1.30,SW,21.60,994
2017-01-27,2017,1,27,4.450000,4.80,2.20,6.70,0.00,W/SW,28.40,996.7
2017-01-28,2017,1,28,2.200000,2.90,0.00,4.40,0.00,W/SW,24.50,1000.3
2017-01-29,2017,1,29,2.550000,2.20,-1.00,6.10,0.00,W/SW,18.40,1004.7
2017-01-30,2017,1,30,-1.050000,0.50,-4.30,2.20,0.00,W/NW,15.80,1007.6
2017-01-31,2017,1,31,-4.350000,-3.90,-6.60,-2.10,1.50,SW,11.90,1013.1
2017-02-01,2017,2,1,1.700000,0.10,-2.70,6.10,1.30,W,16.20,1011.6
2017-02-02,2017,2,2,1.400000,2.10,-1.60,4.40,0.00,W,21.60,1016.2
2017-02-03,2017,2,3,-1.600000,-1.30,-3.80,0.60,0.00,W,18.70,1019.6
2017-02-04,2017,2,4,-2.700000,-2.90,-6.00,0.60,0.00,W,21.20,1022.7
2017-02-05,2017,2,5,1.750000,0.10,-3.20,6.70,0.00,SW,21.60,1014.1
2017-02-06,2017,2,6,1.950000,2.20,0.00,3.90,0.00,W,22.70,1015.9
2017-02-07,2017,2,7,1.950000,1.40,0.60,3.30,11.20,E/NE,26.60,1016
2017-02-08,2017,2,8,3.650000,2.60,-3.80,11.10,0.50,W/NW,14.80,1003.5
2017-02-09,2017,2,9,-3.850000,0.20,-11.60,3.90,31.80,N,33.80,1002.8
2017-02-10,2017,2,10,-7.700000,-8.60,-11.60,-3.80,0.00,W/NW,20.90,1018.3
2017-02-11,2017,2,11,-5.150000,-6.20,-9.30,-1.00,5.30,N/NW,14.40,NULL
2017-02-12,2017,2,12,-2.700000,-3.70,-7.10,1.70,19.60,NULL,23.40,NULL
2017-02-13,2017,2,13,-1.600000,-0.90,-4.30,1.10,2.30,NW,32.00,NULL
2017-02-14,2017,2,14,-2.200000,-2.70,-5.50,1.10,0.00,NULL,15.50,1010.5
2017-02-15,2017,2,15,0.850000,0.20,-2.70,4.40,5.60,S/SE,11.20,998.3
2017-02-16,2017,2,16,-0.500000,0.80,-2.70,1.70,1.80,W/NW,26.30,995.6
2017-02-17,2017,2,17,0.050000,-0.90,-4.90,5.00,0.00,W,22.30,1005.1
2017-02-18,2017,2,18,3.100000,2.40,-3.20,9.40,0.00,SW,22.00,1005.5
2017-02-19,2017,2,19,9.450000,9.30,3.90,15.00,0.00,W/SW,17.30,1005.7
2017-02-20,2017,2,20,4.750000,6.80,0.60,8.90,0.00,NW,18.00,1020.6
2017-02-21,2017,2,21,1.700000,1.90,-1.00,4.40,0.00,NE,14.80,1026.1
2017-02-22,2017,2,22,8.300000,5.90,3.30,13.30,0.00,S/SW,13.00,1014.9
2017-02-23,2017,2,23,11.950000,9.60,3.90,20.00,0.00,S/SW,19.80,1010
2017-02-24,2017,2,24,15.300000,13.80,7.80,22.80,0.00,S,19.10,1012.3
2017-02-25,2017,2,25,15.000000,13.90,9.40,20.60,2.50,S,17.60,NULL
2017-02-26,2017,2,26,4.700000,6.90,0.00,9.40,0.00,W,28.10,1009.7
2017-02-27,2017,2,27,5.900000,4.20,-1.00,12.80,0.00,SW,27.00,1025.8
2017-02-28,2017,2,28,7.250000,6.70,3.90,10.60,0.00,S/SE,12.20,1026.5
2017-12-01,2017,12,1,6.950000,7.90,3.30,10.60,2.30,W/NW,16.60,1019.7
2017-12-02,2017,12,2,3.600000,3.90,1.10,6.10,0.00,NULL,8.30,1025.2
2017-12-03,2017,12,3,3.900000,4.10,1.10,6.70,0.00,N,7.90,1024.2
2017-12-04,2017,12,4,3.350000,3.80,0.60,6.10,0.00,N/NE,11.50,1030.6
2017-12-05,2017,12,5,9.150000,5.20,3.30,15.00,2.00,S/SE,25.60,1023.5
2017-12-06,2017,12,6,8.300000,10.60,2.20,14.40,11.70,W/SW,22.70,NULL
2017-12-07,2017,12,7,4.450000,3.90,0.60,8.30,0.00,W/SW,18.40,1013
2017-12-08,2017,12,8,1.700000,2.60,-0.50,3.90,0.00,SW,15.50,1016
2017-12-09,2017,12,9,1.150000,1.50,-0.50,2.80,16.80,NW,12.20,NULL
2017-12-10,2017,12,10,1.400000,0.70,-0.50,3.30,0.80,W,19.80,1008.5
2017-12-11,2017,12,11,1.950000,1.20,0.00,3.90,0.00,W,15.10,1015
2017-12-12,2017,12,12,4.200000,3.80,0.60,7.80,1.00,SE,18.40,1003.1
2017-12-13,2017,12,13,-1.650000,-2.00,-5.50,2.20,0.00,W,33.80,993.2
2017-12-14,2017,12,14,-4.050000,-4.20,-7.10,-1.00,0.00,W,23.80,1005.9
2017-12-15,2017,12,15,-5.450000,-5.70,-8.20,-2.70,0.00,SW,11.90,1015.6
2017-12-16,2017,12,16,-2.200000,-2.70,-5.50,1.10,0.00,W,22.00,1013.5
2017-12-17,2017,12,17,-3.550000,-3.70,-6.60,-0.50,0.00,NW,15.50,1024.1
2017-12-18,2017,12,18,-1.100000,-2.70,-5.50,3.30,0.00,NULL,5.80,1018.6
2017-12-19,2017,12,19,5.850000,4.50,1.10,10.60,0.00,SW,18.40,1007.1
2017-12-20,2017,12,20,3.900000,6.30,-0.50,8.30,0.00,W,25.20,1008.2
2017-12-21,2017,12,21,-1.300000,-0.70,-3.20,0.60,0.00,NW,16.20,1020.9
2017-12-22,2017,12,22,-0.800000,-2.80,-4.90,3.30,2.50,N/NE,14.40,1026.7
2017-12-23,2017,12,23,1.150000,-1.10,-3.80,6.10,14.70,NW,12.60,1014
2017-12-24,2017,12,24,1.950000,2.10,0.00,3.90,0.00,NULL,18.00,1020
2017-12-25,2017,12,25,-0.800000,0.70,-4.90,3.30,11.20,W/NW,30.60,NULL
2017-12-26,2017,12,26,-4.900000,-3.60,-7.10,-2.70,0.00,W,24.50,1024.9
2017-12-27,2017,12,27,-8.800000,-8.00,-11.00,-6.60,0.00,W,21.60,1030
2017-12-28,2017,12,28,-12.950000,-12.10,-14.90,-11.00,0.00,W,27.70,1028
2017-12-29,2017,12,29,-13.250000,-14.20,-16.60,-9.90,0.00,W,18.70,1023.5
2017-12-30,2017,12,30,-11.000000,-11.70,-14.30,-7.70,0.30,W,13.70,1017.1
2017-12-31,2017,12,31,-13.000000,-11.30,-15.50,-10.50,0.00,W/NW,24.80,1019.2
2018-01-01,2018,1,1,-14.100000,-14.70,-17.70,-10.50,0.00,W/NW,26.30,1023.6
2018-01-02,2018,1,2,-11.300000,-12.30,-15.50,-7.10,0.00,W,20.50,1024.6
2018-01-03,2018,1,3,-5.200000,-6.20,-8.80,-1.60,0.00,SW,15.10,1023.7
2018-01-04,2018,1,4,-3.250000,-3.60,-5.50,-1.00,34.30,N/NW,36.40,NULL
2018-01-05,2018,1,5,-9.300000,-7.80,-14.30,-4.30,0.00,W,40.00,997.6
2018-01-06,2018,1,6,-14.050000,-13.10,-17.10,-11.00,0.00,W,35.30,1014.6
2018-01-07,2018,1,7,-13.500000,-15.10,-18.80,-8.20,0.00,W,25.90,1029.2
2018-01-08,2018,1,8,-3.250000,-4.30,-8.20,1.70,0.00,SW,27.00,1018.9
2018-01-09,2018,1,9,2.800000,1.80,-0.50,6.10,0.00,W/SW,22.30,1017.3
2018-01-10,2018,1,10,-0.800000,-0.40,-3.80,2.20,0.00,NULL,11.90,1030.3
2018-01-11,2018,1,11,5.600000,4.10,0.60,10.60,0.00,S/SW,18.00,1026.9
2018-01-12,2018,1,12,9.750000,9.80,3.90,15.60,15.70,S,23.80,1014
2018-01-13,2018,1,13,4.500000,10.20,-7.10,16.10,31.50,W/SW,32.40,1007
2018-01-14,2018,1,14,-7.400000,-7.10,-9.90,-4.90,0.00,N/NW,18.70,1034.5
2018-01-15,2018,1,15,-8.500000,-8.90,-11.00,-6.00,0.00,NULL,22.00,1038.3
2018-01-16,2018,1,16,-3.000000,-4.20,-6.60,0.60,0.00,NULL,8.30,1032.4
2018-01-17,2018,1,17,0.300000,0.20,-0.50,1.10,5.30,N/NE,10.40,1023.4
2018-01-18,2018,1,18,-3.000000,-2.10,-6.00,0.00,0.00,W/NW,18.00,1014
2018-01-19,2018,1,19,-1.900000,-2.40,-4.90,1.10,0.00,NULL,15.50,1014
2018-01-20,2018,1,20,3.350000,2.90,-1.60,8.30,0.00,SW,23.00,1008.4
2018-01-21,2018,1,21,5.250000,5.80,1.10,9.40,0.00,NULL,9.70,1019.2
2018-01-22,2018,1,22,2.500000,2.40,1.10,3.90,1.50,NULL,7.90,NULL
2018-01-23,2018,1,23,6.400000,3.50,0.00,12.80,32.00,NULL,14.80,NULL
2018-01-24,2018,1,24,0.650000,3.60,-4.30,5.60,0.00,W,23.40,1009.2
2018-01-25,2018,1,25,-3.500000,-3.60,-6.00,-1.00,0.00,W/NW,25.90,1024.4
2018-01-26,2018,1,26,-3.000000,-4.00,-7.10,1.10,0.00,NULL,18.40,1036.5
2018-01-27,2018,1,27,3.950000,2.50,-3.80,11.70,0.00,S/SW,26.30,1028.6
2018-01-28,2018,1,28,8.600000,9.40,6.10,11.10,0.80,W/SW,16.60,1022.7
2018-01-29,2018,1,29,2.000000,3.60,-2.10,6.10,0.00,N/NE,25.60,1023.8
2018-01-30,2018,1,30,-3.550000,-2.90,-6.60,-0.50,3.80,N/NW,24.50,1013.7
2018-01-31,2018,1,31,-4.350000,-4.30,-7.70,-1.00,0.00,W/SW,21.20,1019.3
2018-02-01,2018,2,1,3.400000,1.50,-1.00,7.80,1.00,S/SW,21.60,1013.8
2018-02-02,2018,2,2,-3.850000,0.20,-11.00,3.30,6.40,W,28.10,1011.8
2018-02-03,2018,2,3,-7.100000,-8.30,-12.10,-2.10,0.00,SW,20.90,1027
2018-02-04,2018,2,4,1.450000,0.20,-3.20,6.10,7.40,S,17.30,NULL
2018-02-05,2018,2,5,0.900000,4.30,-4.30,6.10,9.10,W/NW,21.60,NULL
2018-02-06,2018,2,6,-2.200000,-2.80,-5.50,1.10,0.00,W/SW,13.30,1028.3
2018-02-07,2018,2,7,0.600000,-1.20,-4.90,6.10,16.50,NULL,11.90,1024.2
2018-02-08,2018,2,8,-2.200000,-1.20,-5.50,1.10,0.00,W/NW,21.60,1023.5
2018-02-09,2018,2,9,-2.750000,-2.90,-5.50,0.00,0.00,W/SW,18.40,1032.4
2018-02-10,2018,2,10,5.050000,3.80,-1.00,11.10,4.10,S,13.70,1023.8
2018-02-11,2018,2,11,6.350000,6.20,3.30,9.40,17.50,N,11.50,NULL
2018-02-12,2018,2,12,4.750000,5.00,0.60,8.90,0.00,NULL,16.90,1023
2018-02-13,2018,2,13,-1.600000,-1.30,-3.80,0.60,0.00,N,16.20,1040.8
2018-02-14,2018,2,14,3.100000,1.70,-2.10,8.30,0.00,S/SW,18.00,1024.1
2018-02-15,2018,2,15,5.550000,5.60,1.70,9.40,0.00,S/SW,13.70,1009.8
2018-02-16,2018,2,16,6.650000,9.30,1.10,12.20,0.50,W,17.60,1003.5
2018-02-17,2018,2,17,-0.500000,0.60,-2.70,1.70,4.30,NE,18.70,1025.6
2018-02-18,2018,2,18,3.350000,2.00,0.00,6.70,8.90,NW,16.60,1022.1
2018-02-19,2018,2,19,3.400000,3.30,-3.20,10.00,1.50,S/SW,20.20,1031
2018-02-20,2018,2,20,13.350000,12.90,5.60,21.10,0.30,S/SW,17.30,1023.8
2018-02-21,2018,2,21,13.600000,13.20,5.00,22.20,0.00,SW,23.00,1022.8
2018-02-22,2018,2,22,6.400000,7.90,0.00,12.80,2.00,NULL,15.50,1036.4
2018-02-23,2018,2,23,1.950000,1.70,-0.50,4.40,3.00,E/NE,14.80,1033.7
2018-02-24,2018,2,24,7.800000,7.20,2.80,12.80,0.00,W/NW,16.60,1019.6
2018-02-25,2018,2,25,3.900000,4.30,2.80,5.00,13.00,E/NE,23.00,1020.9
2018-02-26,2018,2,26,6.950000,6.10,3.30,10.60,0.00,W,16.90,1017.7
2018-02-27,2018,2,27,6.950000,6.50,2.20,11.70,0.00,W,15.10,1024.1
2018-02-28,2018,2,28,9.750000,8.50,3.90,15.60,0.30,S/SW,19.40,1015.3
2018-12-01,2018,12,1,4.450000,3.70,1.70,7.20,0.00,NE,10.80,1021.8
2018-12-02,2018,12,2,7.800000,6.80,5.00,10.60,19.10,E,13.00,1011
2018-12-03,2018,12,3,10.550000,10.20,6.70,14.40,0.00,W,16.90,1000.5
2018-12-04,2018,12,4,2.000000,4.20,-2.70,6.70,0.00,NW,25.20,1011.1
2018-12-05,2018,12,5,-0.800000,-1.40,-3.80,2.20,0.00,N/NW,11.20,1018.4
2018-12-06,2018,12,6,2.300000,1.80,-1.00,5.60,0.00,W,17.60,1018.6
2018-12-07,2018,12,7,0.600000,2.60,-3.20,4.40,0.00,W,21.60,1023
2018-12-08,2018,12,8,-3.550000,-3.20,-6.60,-0.50,0.00,W/NW,16.90,1030.2
2018-12-09,2018,12,9,-1.050000,-1.70,-4.90,2.80,0.00,W/SW,15.10,1027.2
2018-12-10,2018,12,10,0.350000,0.60,-3.20,3.90,0.00,N/NW,14.40,1019.6
2018-12-11,2018,12,11,-0.800000,-1.30,-4.90,3.30,0.00,W/NW,10.80,1018.7
2018-12-12,2018,12,12,-0.200000,0.90,-4.30,3.90,0.00,NW,19.80,1017.8
2018-12-13,2018,12,13,-2.150000,-2.60,-6.00,1.70,0.00,N/NE,9.70,1032.8
2018-12-14,2018,12,14,3.100000,2.50,-1.60,7.80,0.00,S,9.40,1031.1
2018-12-15,2018,12,15,8.600000,9.10,4.40,12.80,0.00,W,14.80,1022
2018-12-16,2018,12,16,6.100000,6.40,5.00,7.20,13.70,NE,28.80,1017.8
2018-12-17,2018,12,17,4.150000,4.40,2.20,6.10,1.00,NW,23.40,1002.5
2018-12-18,2018,12,18,0.050000,0.30,-3.80,3.90,0.50,W/NW,33.50,1009.8
2018-12-19,2018,12,19,0.650000,-0.80,-4.30,5.60,0.00,W/SW,15.80,1018.1
2018-12-20,2018,12,20,5.000000,4.10,0.00,10.00,0.00,S/SW,13.00,1018.9
2018-12-21,2018,12,21,12.200000,10.90,6.10,18.30,15.50,SE,23.80,1003
2018-12-22,2018,12,22,8.050000,11.00,2.80,13.30,0.50,SW,27.70,995.3
2018-12-23,2018,12,23,3.350000,3.10,0.60,6.10,0.00,W,19.40,1016.6
2018-12-24,2018,12,24,1.950000,1.80,0.00,3.90,0.00,W,12.20,1016.4
2018-12-25,2018,12,25,1.150000,2.10,-1.60,3.90,0.00,W/NW,17.30,1021.7
2018-12-26,2018,12,26,0.600000,-0.10,-3.20,4.40,0.00,W,16.90,1028.5
2018-12-27,2018,12,27,1.150000,1.20,-1.00,3.30,0.00,W/NW,14.80,1035.3
2018-12-28,2018,12,28,7.500000,4.90,1.10,13.90,8.40,S,18.40,1020.2
2018-12-29,2018,12,29,6.100000,9.40,0.00,12.20,0.00,W,21.20,1011.3
2018-12-30,2018,12,30,-1.050000,0.00,-3.20,1.10,0.00,N,10.10,1023
2018-12-31,2018,12,31,3.350000,2.50,-0.50,7.20,10.40,S/SW,16.90,1025.6
2019-01-01,2019,1,1,8.050000,8.40,1.10,15.00,9.70,W,25.60,1006.7
2019-01-02,2019,1,2,0.350000,0.80,-2.10,2.80,0.00,N,15.10,1024.8
2019-01-03,2019,1,3,3.900000,3.10,0.00,7.80,0.50,W/SW,16.90,1013.4
2019-01-04,2019,1,4,5.000000,4.60,1.10,8.90,0.00,SW,18.00,1012.1
2019-01-05,2019,1,5,4.700000,5.00,3.30,6.10,13.50,N,14.80,1002.7
2019-01-06,2019,1,6,2.250000,4.20,-3.80,8.30,0.00,W/NW,23.00,1009.8
2019-01-07,2019,1,7,-3.800000,-3.30,-7.10,-0.50,0.00,N/NW,18.70,1028.2
2019-01-08,2019,1,8,2.550000,1.20,-1.00,6.10,0.50,S/SE,12.20,1016.5
2019-01-09,2019,1,9,4.750000,4.40,1.70,7.80,3.30,W,25.20,994.8
2019-01-10,2019,1,10,-0.200000,2.10,-3.20,2.80,0.00,W,25.90,1000.2
2019-01-11,2019,1,11,-4.600000,-2.90,-8.20,-1.00,0.00,W/NW,29.20,1017.5
2019-01-12,2019,1,12,-5.450000,-6.40,-9.30,-1.60,0.00,W/NW,23.80,1030.7
2019-01-13,2019,1,13,-5.200000,-5.70,-8.80,-1.60,0.00,N,13.30,1030.6
2019-01-14,2019,1,14,-2.700000,-3.10,-4.90,-0.50,0.00,N,14.00,1023.1
2019-01-15,2019,1,15,-0.200000,-1.20,-4.30,3.90,0.00,W/NW,11.90,1018.2
2019-01-16,2019,1,16,0.600000,-0.10,-3.80,5.00,0.00,W/SW,18.70,1015.8
2019-01-17,2019,1,17,-3.550000,-2.70,-7.70,0.60,0.00,N/NW,15.50,1026.9
2019-01-18,2019,1,18,1.700000,0.20,-2.70,6.10,0.00,S,10.80,1020.1
2019-01-19,2019,1,19,0.350000,0.40,-2.10,2.80,3.30,N/NE,19.40,1023.6
2019-01-20,2019,1,20,-4.650000,-1.30,-12.10,2.80,30.50,N,28.80,1000.7
2019-01-21,2019,1,21,-13.500000,-12.60,-14.90,-12.10,0.00,W/NW,32.40,1008.8
2019-01-22,2019,1,22,-7.950000,-9.80,-13.80,-2.10,0.00,W/NW,22.70,1030.5
2019-01-23,2019,1,23,1.150000,-1.40,-6.60,8.90,0.00,S/SW,22.00,1024.2
2019-01-24,2019,1,24,8.900000,11.10,2.80,15.00,25.40,S/SW,38.20,1000.6
2019-01-25,2019,1,25,2.000000,3.90,-1.60,5.60,0.00,W,22.00,1010.7
2019-01-26,2019,1,26,-0.800000,-0.90,-3.80,2.20,0.00,W,13.70,1023.1
2019-01-27,2019,1,27,2.800000,1.70,-2.70,8.30,0.00,S,21.20,1018.6
2019-01-28,2019,1,28,0.650000,1.10,-4.30,5.60,0.00,N/NW,16.20,1017.9
2019-01-29,2019,1,29,-1.650000,-2.40,-6.60,3.30,1.30,NE,20.20,1017
2019-01-30,2019,1,30,-4.400000,0.70,-12.70,3.90,4.10,W/SW,25.60,1008.6
2019-01-31,2019,1,31,-11.300000,-10.90,-14.90,-7.70,0.00,W/SW,27.70,1023.7
2019-02-01,2019,2,1,-8.500000,-8.90,-12.10,-4.90,0.00,W,21.20,1027.2
2019-02-02,2019,2,2,-4.100000,-5.50,-9.90,1.70,0.00,W/SW,20.50,1020.7
2019-02-03,2019,2,3,0.600000,1.00,-2.70,3.90,0.00,E,10.10,1020.1
2019-02-04,2019,2,4,9.450000,7.10,1.70,17.20,0.00,S/SW,15.10,1016.5
2019-02-05,2019,2,5,11.350000,10.70,4.40,18.30,0.00,W/SW,19.40,1013.2
2019-02-06,2019,2,6,3.650000,4.20,0.60,6.70,9.40,NE,16.20,1022.9
2019-02-07,2019,2,7,3.650000,3.30,1.70,5.60,5.30,NE,15.50,1020.7
2019-02-08,2019,2,8,6.700000,6.10,-0.50,13.90,1.80,W,21.20,1011.6
2019-02-09,2019,2,9,-0.800000,-0.40,-3.80,2.20,0.00,W,31.70,1028
2019-02-10,2019,2,10,-0.750000,-1.20,-4.30,2.80,0.00,W,19.80,1032.8
2019-02-11,2019,2,11,-0.200000,-0.10,-3.20,2.80,0.00,NW,16.90,1027.1
2019-02-12,2019,2,12,-1.900000,-3.30,-7.10,3.30,23.10,N/NE,22.70,1027.5
2019-02-13,2019,2,13,3.350000,3.30,0.60,6.10,7.10,W/NW,21.60,1001.9
2019-02-14,2019,2,14,1.950000,1.80,-0.50,4.40,0.00,W,22.00,1013.1
2019-02-15,2019,2,15,5.300000,4.40,-0.50,11.10,2.50,S/SE,18.40,1010.2
2019-02-16,2019,2,16,4.450000,6.20,-0.50,9.40,0.00,W/NW,19.40,1008.4
2019-02-17,2019,2,17,-1.600000,-0.90,-4.30,1.10,0.00,N/NE,15.50,1018.3
2019-02-18,2019,2,18,-3.000000,-1.00,-6.00,0.00,7.90,N,16.60,1013.8
2019-02-19,2019,2,19,-3.300000,-4.10,-7.70,1.10,0.00,W/NW,21.60,1030.4
2019-02-20,2019,2,20,-3.250000,-3.60,-6.00,-0.50,2.50,W/SW,13.00,1032.9
2019-02-21,2019,2,21,2.850000,1.30,-3.20,8.90,10.70,W/NW,16.60,1013.6
2019-02-22,2019,2,22,5.000000,5.30,2.20,7.80,0.00,W/NW,14.40,1024.4
2019-02-23,2019,2,23,1.150000,1.80,-1.00,3.30,0.00,E,10.40,1030.2
2019-02-24,2019,2,24,4.700000,3.70,1.10,8.30,12.20,SE,22.30,1006
2019-02-25,2019,2,25,2.300000,4.10,-1.00,5.60,0.00,W,37.10,999.9
2019-02-26,2019,2,26,-3.300000,-1.90,-6.60,0.00,0.00,W/NW,32.40,1021.5
2019-02-27,2019,2,27,-6.850000,-6.70,-10.50,-3.20,1.30,W/NW,15.50,1026.8
2019-02-28,2019,2,28,-3.800000,-4.50,-7.10,-0.50,3.80,N/NW,13.70,1021.2
2019-12-01,2019,12,1,-0.800000,-1.90,-5.50,3.90,15.70,N,17.60,1014.4
2019-12-02,2019,12,2,2.000000,3.80,-1.60,5.60,10.90,N/NE,38.90,1002.1
2019-12-03,2019,12,3,0.600000,-0.20,-1.00,2.20,9.70,NW,25.20,994.5
2019-12-04,2019,12,4,1.700000,1.20,-1.60,5.00,0.00,W/SW,15.50,998.4
2019-12-05,2019,12,5,3.600000,4.30,0.00,7.20,0.00,W,21.60,1003.5
2019-12-06,2019,12,6,0.850000,0.90,-1.60,3.30,1.00,W/SW,14.80,1016.2
2019-12-07,2019,12,7,-0.500000,0.20,-2.70,1.70,0.00,W/NW,19.10,1025.7
2019-12-08,2019,12,8,0.050000,-1.40,-4.90,5.00,0.00,SW,15.50,1031.6
2019-12-09,2019,12,9,10.550000,7.50,5.00,16.10,14.00,S,22.30,1017.7
2019-12-10,2019,12,10,11.400000,15.00,5.60,17.20,4.80,SW,25.20,1007.7
2019-12-11,2019,12,11,2.300000,3.40,-1.00,5.60,5.30,W,17.60,1022.7
2019-12-12,2019,12,12,-1.300000,-0.90,-3.20,0.60,0.00,W,16.20,1037.2
2019-12-13,2019,12,13,3.100000,1.60,-2.10,8.30,2.50,SE,11.20,1031
2019-12-14,2019,12,14,11.950000,10.50,8.30,15.60,31.80,E/SE,20.20,998.3
2019-12-15,2019,12,15,6.950000,9.70,1.10,12.80,0.00,W,36.70,1001.3
2019-12-16,2019,12,16,0.850000,1.20,0.00,1.70,0.00,W,18.40,1021.9
2019-12-17,2019,12,17,0.300000,-0.30,-2.70,3.30,16.50,N,15.50,1012.3
2019-12-18,2019,12,18,-0.500000,1.10,-4.30,3.30,0.00,W/NW,23.00,1006.7
2019-12-19,2019,12,19,-6.000000,-5.30,-9.30,-2.70,0.00,W,31.70,1019
2019-12-20,2019,12,20,-3.800000,-4.90,-8.20,0.60,0.00,W/NW,21.20,1030.5
2019-12-21,2019,12,21,-1.900000,-2.50,-5.50,1.70,0.00,W/SW,8.30,1035.1
2019-12-22,2019,12,22,3.100000,2.30,-1.00,7.20,0.00,SW,15.80,1023.8
2019-12-23,2019,12,23,7.800000,6.40,1.70,13.90,0.00,SW,18.40,1014.5
2019-12-24,2019,12,24,5.850000,7.50,1.70,10.00,0.00,NW,15.50,1017.8
2019-12-25,2019,12,25,2.800000,2.60,0.00,5.60,0.00,N,7.60,1023
2019-12-26,2019,12,26,3.050000,2.60,1.10,5.00,0.00,N/NE,11.20,1028.3
2019-12-27,2019,12,27,6.650000,4.90,2.20,11.10,0.30,S/SW,18.40,1022.4
2019-12-28,2019,12,28,6.950000,9.10,3.30,10.60,0.00,W,17.60,1019.3
2019-12-29,2019,12,29,4.450000,4.20,2.20,6.70,2.00,SW,11.50,1021.9
2019-12-30,2019,12,30,3.600000,3.60,2.20,5.00,32.80,E/NE,33.50,1016.3
2019-12-31,2019,12,31,4.750000,4.60,2.80,6.70,6.90,NW,21.60,1003.2
2020-01-01,2020,1,1,4.150000,4.10,2.20,6.10,0.00,W,24.80,1003
2020-01-02,2020,1,2,5.250000,4.20,1.10,9.40,0.00,SW,20.20,1010.7
2020-01-03,2020,1,3,8.900000,8.20,6.70,11.10,0.00,SW,11.50,1008.2
2020-01-04,2020,1,4,6.650000,8.10,4.40,8.90,3.30,N,8.60,1004
2020-01-05,2020,1,5,2.500000,3.90,0.00,5.00,2.80,W/NW,26.60,1004.1
2020-01-06,2020,1,6,1.150000,0.40,-2.70,5.00,0.00,W/SW,10.80,1013.2
2020-01-07,2020,1,7,3.100000,3.20,0.60,5.60,0.00,S/SW,14.80,1015.3
2020-01-08,2020,1,8,2.800000,3.40,-1.60,7.20,0.50,W,22.70,1010.9
2020-01-09,2020,1,9,-2.450000,-1.60,-5.50,0.60,0.00,W/NW,21.20,1035.2
2020-01-10,2020,1,10,5.050000,3.20,-1.60,11.70,0.00,S/SW,22.30,1032.7
2020-01-11,2020,1,11,15.250000,13.90,9.40,21.10,0.00,S/SW,29.20,1021.4
2020-01-12,2020,1,12,13.850000,18.70,4.40,23.30,0.50,W/SW,33.50,1014.7
2020-01-13,2020,1,13,4.150000,5.10,2.20,6.10,0.30,NE,14.80,1030.7
2020-01-14,2020,1,14,4.200000,3.90,2.80,5.60,0.00,SE,9.00,1025.6
2020-01-15,2020,1,15,7.500000,6.90,3.90,11.10,0.00,W,13.70,1018.8
2020-01-16,2020,1,16,3.650000,5.50,-1.00,8.30,2.50,W/NW,24.50,1010.8
2020-01-17,2020,1,17,-4.900000,-4.10,-8.80,-1.00,0.00,NW,32.40,1030.5
2020-01-18,2020,1,18,-4.650000,-7.70,-9.90,0.60,7.10,W,14.00,1028.7
2020-01-19,2020,1,19,1.450000,0.70,-4.30,7.20,0.50,W,21.60,1005.2
2020-01-20,2020,1,20,-4.050000,-3.40,-7.10,-1.00,0.00,NW,22.30,1020.6
2020-01-21,2020,1,21,-4.900000,-4.90,-7.70,-2.10,0.00,N/NW,12.20,1029.1
2020-01-22,2020,1,22,-1.350000,-1.90,-6.60,3.90,0.00,W,7.90,1029.8
2020-01-23,2020,1,23,3.400000,2.20,-3.20,10.00,0.00,SW,11.90,1027.6
2020-01-24,2020,1,24,5.000000,4.90,1.10,8.90,0.00,N,11.20,1029
2020-01-25,2020,1,25,7.200000,5.70,4.40,10.00,17.80,E,22.70,1020.4
2020-01-26,2020,1,26,7.500000,8.40,4.40,10.60,0.00,W/SW,20.20,1004.8
2020-01-27,2020,1,27,6.400000,5.70,3.90,8.90,0.00,W/SW,19.80,1002.4
2020-01-28,2020,1,28,3.900000,5.00,2.20,5.60,0.00,NW,20.90,1006.8
2020-01-29,2020,1,29,2.250000,2.60,-1.60,6.10,0.00,NW,16.90,1016.1
2020-01-30,2020,1,30,-2.450000,-1.70,-5.50,0.60,0.00,N,12.20,1026.2
2020-01-31,2020,1,31,3.350000,1.70,-1.60,8.30,0.00,SW,14.40,1025.7
2020-02-01,2020,2,1,3.050000,3.50,1.10,5.00,0.50,E,7.20,1013.1
2020-02-02,2020,2,2,4.450000,4.00,2.20,6.70,0.00,W/NW,11.20,999.6
2020-02-03,2020,2,3,5.850000,5.20,1.70,10.00,0.00,W,15.50,1007.1
2020-02-04,2020,2,4,5.000000,5.60,1.70,8.30,0.00,N/NE,5.00,1009.7
2020-02-05,2020,2,5,3.350000,5.20,0.60,6.10,1.30,N,10.10,1015.2
2020-02-06,2020,2,6,3.050000,2.90,1.10,5.00,11.20,NE,19.80,1007
2020-02-07,2020,2,7,6.150000,4.20,-1.00,13.30,8.10,N/NW,24.10,987.9
2020-02-08,2020,2,8,-0.500000,-0.30,-3.80,2.80,0.00,W,26.60,1017.2
2020-02-09,2020,2,9,-1.650000,-2.80,-6.60,3.30,0.00,E/NE,11.90,1033.4
2020-02-10,2020,2,10,5.800000,5.60,3.30,8.30,4.10,S/SW,21.60,1020.9
2020-02-11,2020,2,11,5.800000,6.20,4.40,7.20,4.30,NULL,10.10,1013.6
2020-02-12,2020,2,12,5.000000,5.10,2.80,7.20,0.00,W,18.40,1017.2
2020-02-13,2020,2,13,3.350000,3.90,1.70,5.00,13.50,W/NW,10.80,1006.6
2020-02-14,2020,2,14,-2.450000,0.30,-9.30,4.40,0.00,NW,23.00,1022.4
2020-02-15,2020,2,15,-5.750000,-7.10,-11.00,-0.50,0.00,W/SW,16.60,1033.7
2020-02-16,2020,2,16,3.100000,1.70,-1.60,7.80,0.00,SW,18.00,1020.4
2020-02-17,2020,2,17,4.450000,5.60,-0.50,9.40,0.00,W/NW,14.00,1023.3
2020-02-18,2020,2,18,2.550000,3.00,-0.50,5.60,11.40,E/NE,17.30,1025.5
2020-02-19,2020,2,19,3.900000,5.90,0.00,7.80,0.00,W,24.10,1018.9
2020-02-20,2020,2,20,-0.750000,-0.10,-4.30,2.80,0.00,W/NW,19.10,1028.8
2020-02-21,2020,2,21,-3.800000,-3.60,-8.20,0.60,0.00,W/NW,16.20,1029.7
2020-02-22,2020,2,22,3.900000,2.40,-1.60,9.40,0.00,W/SW,18.70,1021
2020-02-23,2020,2,23,7.750000,6.80,1.10,14.40,0.00,SW,14.40,1019.5
2020-02-24,2020,2,24,9.750000,8.80,1.70,17.80,0.00,S/SW,14.40,1016
2020-02-25,2020,2,25,8.900000,8.60,6.10,11.70,6.60,E,8.60,1012.8
2020-02-26,2020,2,26,7.800000,7.60,6.70,8.90,3.80,NE,15.10,1014.4
2020-02-27,2020,2,27,6.700000,7.20,0.60,12.80,19.00,W/SW,36.40,997.4
2020-02-28,2020,2,28,0.600000,1.30,-2.10,3.30,0.00,W/SW,24.80,1006.7
2020-02-29,2020,2,29,-1.900000,-0.80,-5.50,1.70,0.00,W,19.80,1009.2
2020-12-01,2020,12,1,11.400000,14.90,5.60,17.20,10.40,S,25.20,1001.1
2020-12-02,2020,12,2,3.900000,5.00,1.70,6.10,0.00,SW,21.60,1011.3
2020-12-03,2020,12,3,5.300000,4.90,0.60,10.00,0.00,SW,20.20,1018.9
2020-12-04,2020,12,4,9.400000,8.40,4.40,14.40,0.50,S/SW,21.20,1015.7
2020-12-05,2020,12,5,4.450000,5.90,0.60,8.30,43.70,N/NW,29.20,1002
2020-12-06,2020,12,6,0.600000,1.20,-1.60,2.80,0.00,W/NW,27.70,1002.1
2020-12-07,2020,12,7,-0.500000,-0.90,-2.70,1.70,0.00,W/NW,16.60,1006.7
2020-12-08,2020,12,8,-1.850000,-1.60,-3.20,-0.50,0.00,NW,21.60,1005.8
2020-12-09,2020,12,9,-1.050000,-1.60,-4.30,2.20,0.00,W/SW,12.20,1007.5
2020-12-10,2020,12,10,4.150000,3.20,1.10,7.20,0.00,W,15.50,1014.5
2020-12-11,2020,12,11,4.250000,3.90,-2.10,10.60,0.00,SW,13.30,1021.3
2020-12-12,2020,12,12,5.000000,5.60,1.70,8.30,12.70,N,9.40,1020.2
2020-12-13,2020,12,13,9.700000,8.50,4.40,15.00,0.00,NW,11.20,1013.1
2020-12-14,2020,12,14,2.750000,3.60,1.10,4.40,1.50,W/NW,12.60,1012.3
2020-12-15,2020,12,15,-1.350000,0.70,-4.90,2.20,0.00,W/NW,22.30,1021
2020-12-16,2020,12,16,-4.900000,-5.30,-8.80,-1.00,1.00,N,21.20,1030.4
2020-12-17,2020,12,17,-3.000000,-3.20,-6.00,0.00,33.00,N,36.40,1015.6
2020-12-18,2020,12,18,-3.500000,-3.70,-6.00,-1.00,0.00,N/NW,16.60,1023.2
2020-12-19,2020,12,19,-4.350000,-4.90,-8.20,-0.50,0.00,W/NW,9.70,1028
2020-12-20,2020,12,20,-0.500000,-1.60,-3.20,2.20,0.80,S/SW,5.80,1021.8
2020-12-21,2020,12,21,0.050000,0.40,-2.70,2.80,0.00,W,9.00,1009.7
2020-12-22,2020,12,22,3.350000,3.20,0.00,6.70,0.00,W,18.70,1006.7
2020-12-23,2020,12,23,1.150000,1.80,-1.00,3.30,0.00,W,16.20,1025.7
2020-12-24,2020,12,24,5.350000,3.90,-1.00,11.70,0.00,S/SE,20.90,1023.1
2020-12-25,2020,12,25,10.000000,11.60,4.40,15.60,37.80,S/SE,31.70,1004.8
2020-12-26,2020,12,26,1.150000,2.10,-2.10,4.40,0.00,SW,27.40,1007.8
2020-12-27,2020,12,27,-0.250000,-0.70,-3.80,3.30,0.00,SW,14.40,1023.2
2020-12-28,2020,12,28,3.650000,2.70,-2.10,9.40,0.00,S,15.10,1021.8
2020-12-29,2020,12,29,0.650000,2.70,-4.30,5.60,0.00,W/NW,24.80,1024.5
2020-12-30,2020,12,30,0.350000,-2.10,-4.30,5.00,0.00,SW,19.10,1026.7
2020-12-31,2020,12,31,3.900000,5.40,0.60,7.20,2.50,W,23.00,1018
2021-01-01,2021,1,1,0.300000,1.00,-1.60,2.20,2.50,N,10.10,1030.1
2021-01-02,2021,1,2,2.800000,3.80,0.00,5.60,10.40,NULL,23.00,1011
2021-01-03,2021,1,3,0.300000,0.40,-1.60,2.20,0.80,N,15.10,1019.9
2021-01-04,2021,1,4,1.700000,0.90,-0.50,3.90,0.00,N,18.40,1014.6
2021-01-05,2021,1,5,-0.200000,-0.20,-1.00,0.60,0.30,NULL,17.30,1013
2021-01-06,2021,1,6,1.700000,0.50,-1.00,4.40,0.00,NW,21.60,1011.8
2021-01-07,2021,1,7,2.000000,1.20,-1.60,5.60,0.00,NW,22.00,1015
2021-01-08,2021,1,8,0.900000,-0.10,-3.20,5.00,0.00,NW,17.30,1013
2021-01-09,2021,1,9,-1.050000,-1.60,-4.30,2.20,0.00,N/NW,18.40,1010.8
2021-01-10,2021,1,10,1.150000,0.60,-2.70,5.00,0.00,NW,15.10,1019.9
2021-01-11,2021,1,11,-1.050000,-0.30,-4.30,2.20,0.00,W,9.40,1023.8
2021-01-12,2021,1,12,1.450000,0.80,-2.70,5.60,0.00,W,11.90,1018.3
2021-01-13,2021,1,13,1.950000,1.80,-0.50,4.40,0.00,W/SW,11.20,1015.5
2021-01-14,2021,1,14,1.700000,1.80,-0.50,3.90,2.50,S/SW,8.60,1011.5
2021-01-15,2021,1,15,2.800000,2.20,0.60,5.00,0.00,NE,13.30,1017.3
2021-01-16,2021,1,16,6.950000,5.80,2.80,11.10,26.20,SE,29.90,998.4
2021-01-17,2021,1,17,3.600000,3.80,1.10,6.10,0.00,W/SW,29.90,996.2
2021-01-18,2021,1,18,3.350000,4.40,-0.50,7.20,0.00,W/SW,23.40,1003.9
2021-01-19,2021,1,19,1.150000,0.60,-2.70,5.00,0.00,W,17.30,1014.4
2021-01-20,2021,1,20,-0.250000,1.10,-3.80,3.30,0.00,W,17.60,1012
2021-01-21,2021,1,21,-3.000000,-3.30,-6.00,0.00,0.00,SW,12.60,1008.3
2021-01-22,2021,1,22,2.550000,1.70,-1.00,6.10,0.00,W,15.50,1003.5
2021-01-23,2021,1,23,-3.550000,-0.80,-8.20,1.10,0.00,W/NW,26.60,1011.5
2021-01-24,2021,1,24,-4.650000,-5.60,-8.80,-0.50,0.00,W/NW,33.50,1013.8
2021-01-25,2021,1,25,-2.450000,-3.50,-7.10,2.20,0.00,W/NW,20.90,1016.9
2021-01-26,2021,1,26,-1.900000,-2.10,-5.50,1.70,5.60,N,13.30,1017
2021-01-27,2021,1,27,0.050000,-0.90,-2.10,2.20,1.80,NULL,13.70,1015
2021-01-28,2021,1,28,-4.100000,-0.60,-8.80,0.60,1.30,NW,21.60,1015.1
2021-01-29,2021,1,29,-10.750000,-9.60,-13.80,-7.70,0.00,NW,33.50,1014.3
2021-01-30,2021,1,30,-9.900000,-10.40,-13.20,-6.60,0.00,NW,21.20,1022.9
2021-01-31,2021,1,31,-9.350000,-9.90,-13.80,-4.90,0.00,NULL,9.40,1026.8
2021-02-01,2021,2,1,-1.900000,-2.80,-5.50,1.70,17.50,N/NE,33.50,1018.4
2021-02-02,2021,2,2,1.700000,0.10,-1.00,4.40,5.10,N,30.60,997.9
2021-02-03,2021,2,3,-0.500000,-0.60,-2.10,1.10,0.00,W/NW,16.90,996
2021-02-04,2021,2,4,0.600000,0.30,-1.60,2.80,0.30,W/NW,14.40,1006.5
2021-02-05,2021,2,5,0.900000,0.20,-3.20,5.00,0.30,S/SW,9.70,1006.9
2021-02-06,2021,2,6,2.300000,2.10,-1.00,5.60,0.00,W/SW,20.20,1013
2021-02-07,2021,2,7,-0.200000,0.10,-3.20,2.80,11.20,N,14.80,1015.7
2021-02-08,2021,2,8,-4.350000,-4.10,-7.10,-1.60,0.00,W,17.30,1024.9
2021-02-09,2021,2,9,-4.350000,-4.30,-6.00,-2.70,4.30,N,9.70,1025.7
2021-02-10,2021,2,10,-3.550000,-3.80,-6.60,-0.50,0.00,W/NW,15.10,1024.6
2021-02-11,2021,2,11,-4.050000,-3.90,-7.10,-1.00,0.00,NW,14.00,1024
2021-02-12,2021,2,12,-7.150000,-7.20,-11.60,-2.70,0.00,W/NW,16.90,1025.8
2021-02-13,2021,2,13,-4.900000,-5.20,-8.20,-1.60,0.00,N,15.10,1027
2021-02-14,2021,2,14,-1.300000,-1.80,-3.20,0.60,0.00,N,9.00,1024.1
2021-02-15,2021,2,15,-1.350000,-0.80,-2.70,0.00,0.80,N,14.80,1023.7
2021-02-16,2021,2,16,1.700000,0.80,-1.00,4.40,16.00,NE,18.00,1006.1
2021-02-17,2021,2,17,-2.450000,-1.80,-4.90,0.00,0.00,W/NW,20.50,1023.6
2021-02-18,2021,2,18,-2.400000,-2.90,-4.30,-0.50,2.30,N,13.70,1030.6
2021-02-19,2021,2,19,-2.400000,-2.30,-3.80,-1.00,10.90,N,17.60,1021.5
2021-02-20,2021,2,20,-2.700000,-2.60,-4.90,-0.50,0.00,NW,18.00,1016.2
2021-02-21,2021,2,21,-3.250000,-3.40,-7.10,0.60,0.00,NW,15.10,1028.7
2021-02-22,2021,2,22,-1.350000,-1.60,-7.10,4.40,4.10,S,17.60,1017.8
2021-02-23,2021,2,23,3.600000,3.10,1.10,6.10,0.00,W/SW,20.50,1002.3
2021-02-24,2021,2,24,6.400000,5.40,2.80,10.00,0.00,W/SW,21.60,1010.4
2021-02-25,2021,2,25,4.450000,6.40,0.60,8.30,0.00,W,27.70,1012.9
2021-02-26,2021,2,26,1.150000,0.80,-2.10,4.40,0.00,W,14.80,1029.4
2021-02-27,2021,2,27,3.650000,1.90,-1.00,8.30,4.30,S,15.80,1023.2
2021-02-28,2021,2,28,4.450000,4.20,2.20,6.70,0.50,W/SW,11.20,1023.6
2021-12-01,2021,12,1,4.200000,3.80,0.60,7.80,0.00,W/SW,15.80,1017.9
2021-12-02,2021,12,2,8.900000,7.60,2.20,15.60,0.50,S,18.00,1007.4
2021-12-03,2021,12,3,3.900000,6.40,0.60,7.20,0.00,W,25.90,1007.6
2021-12-04,2021,12,4,1.750000,1.60,-2.10,5.60,0.00,W/SW,15.50,1018.5
2021-12-05,2021,12,5,5.800000,5.10,3.30,8.30,0.00,W,14.00,1026.9
2021-12-06,2021,12,6,11.150000,9.40,5.60,16.70,6.40,S,26.30,1011.3
2021-12-07,2021,12,7,4.150000,6.60,1.10,7.20,0.00,W,19.40,1016.8
2021-12-08,2021,12,8,0.350000,1.80,-2.10,2.80,0.00,N,16.20,1017.4
2021-12-09,2021,12,9,0.050000,-0.30,-3.20,3.30,0.30,NW,15.10,1019.8
2021-12-10,2021,12,10,2.300000,1.80,-2.10,6.70,0.00,NE,8.60,1023.3
2021-12-11,2021,12,11,9.750000,6.20,1.70,17.80,6.40,W,20.50,1008.8
2021-12-12,2021,12,12,10.000000,9.80,3.30,16.70,1.00,W,27.40,1012.9
2021-12-13,2021,12,13,6.950000,5.90,2.80,11.10,0.00,SW,25.90,1019.2
2021-12-14,2021,12,14,6.150000,8.00,1.70,10.60,0.00,W/NW,17.30,1029.4
2021-12-15,2021,12,15,3.600000,3.50,0.00,7.20,0.50,E/SE,11.90,1035.9
2021-12-16,2021,12,16,11.400000,10.90,7.20,15.60,4.30,S/SW,23.00,1015.3
2021-12-17,2021,12,17,10.600000,12.90,5.60,15.60,0.00,W,25.90,1012.7
2021-12-18,2021,12,18,3.350000,4.80,0.60,6.10,14.20,N,11.50,1019.5
2021-12-19,2021,12,19,0.900000,2.50,-4.90,6.70,9.70,NW,23.80,1015.1
2021-12-20,2021,12,20,-3.000000,-3.60,-6.60,0.60,0.00,W,14.80,1025
2021-12-21,2021,12,21,2.850000,1.70,-1.00,6.70,0.00,SW,14.40,1017.1
2021-12-22,2021,12,22,3.350000,3.90,0.60,6.10,2.30,NW,16.20,1002.8
2021-12-23,2021,12,23,-1.850000,-0.30,-4.30,0.60,0.00,W/NW,20.90,1017.1
2021-12-24,2021,12,24,-2.950000,-3.40,-4.90,-1.00,0.00,W/NW,6.80,1019.9
2021-12-25,2021,12,25,0.050000,-0.40,-2.10,2.20,8.10,NULL,9.70,1004.4
2021-12-26,2021,12,26,2.500000,2.00,0.60,4.40,6.10,NW,20.90,1008
2021-12-27,2021,12,27,0.350000,0.60,-1.00,1.70,0.00,W/NW,14.00,1016.2
2021-12-28,2021,12,28,4.200000,2.90,0.60,7.80,1.00,W/SW,11.20,1010
2021-12-29,2021,12,29,3.900000,4.60,2.20,5.60,0.00,N,5.40,1013.6
2021-12-30,2021,12,30,4.450000,4.40,3.30,5.60,1.50,N,5.80,1014.6
2021-12-31,2021,12,31,6.100000,5.60,4.40,7.80,0.00,E/NE,4.70,1014.4
2022-01-01,2022,1,1,8.900000,7.70,6.70,11.10,2.00,E/NE,5.40,1009.7
2022-01-02,2022,1,2,4.200000,7.40,0.60,7.80,5.80,N/NW,14.40,1003.8
2022-01-03,2022,1,3,-2.700000,-1.40,-6.00,0.60,0.00,N/NW,22.70,1019.3
2022-01-04,2022,1,4,-4.350000,-4.90,-8.20,-0.50,0.00,W,15.80,1026.3
2022-01-05,2022,1,5,3.950000,2.80,-2.70,10.60,3.00,S,18.00,1014.1
2022-01-06,2022,1,6,3.050000,4.60,0.00,6.10,0.00,W,17.30,1011.3
2022-01-07,2022,1,7,-2.150000,-0.50,-4.90,0.60,12.20,NW,21.60,1011.7
2022-01-08,2022,1,8,-5.150000,-4.70,-8.20,-2.10,0.00,W/NW,17.30,1029.7
2022-01-09,2022,1,9,0.050000,-0.30,-6.00,6.10,0.30,SW,25.90,1020.1
2022-01-10,2022,1,10,-0.550000,0.50,-5.50,4.40,0.00,W,27.00,1015.6
2022-01-11,2022,1,11,-9.350000,-9.10,-13.20,-5.50,0.00,W/NW,21.20,1028.9
2022-01-12,2022,1,12,-3.250000,-5.30,-12.10,5.60,0.00,SW,20.90,1022.1
2022-01-13,2022,1,13,3.100000,2.30,-1.60,7.80,0.00,SE,6.80,1016.3
2022-01-14,2022,1,14,-2.150000,2.80,-9.30,5.00,0.00,NULL,26.30,1008.8
2022-01-15,2022,1,15,-12.400000,-10.60,-15.50,-9.30,0.00,NW,27.70,1020.5
2022-01-16,2022,1,16,-6.600000,-10.80,-14.90,1.70,0.00,N,13.30,1027.4
2022-01-17,2022,1,17,5.550000,3.70,1.70,9.40,18.50,S/SE,38.50,993.2
2022-01-18,2022,1,18,-1.900000,-0.50,-6.00,2.20,0.00,W/NW,29.20,1004.7
2022-01-19,2022,1,19,0.600000,-1.20,-6.60,7.80,0.00,S/SW,22.30,1017
2022-01-20,2022,1,20,-1.050000,3.00,-7.10,5.00,3.80,W/NW,17.60,1019.1
2022-01-21,2022,1,21,-9.100000,-8.00,-12.70,-5.50,0.00,N/NW,17.60,1033.7
2022-01-22,2022,1,22,-6.850000,-7.70,-10.50,-3.20,0.00,N,14.40,1027.5
2022-01-23,2022,1,23,-2.700000,-3.70,-7.10,1.70,0.30,SW,16.20,1011.5
2022-01-24,2022,1,24,-2.950000,-2.40,-4.90,-1.00,1.00,N/NW,11.90,1011.9
2022-01-25,2022,1,25,1.450000,0.50,-2.10,5.00,0.50,W/SW,14.40,1013.8
2022-01-26,2022,1,26,-6.550000,-4.00,-11.00,-2.10,0.00,NW,19.80,1025.3
2022-01-27,2022,1,27,-7.700000,-8.60,-12.70,-2.70,0.00,W,13.70,1029.3
2022-01-28,2022,1,28,-0.800000,-1.70,-3.80,2.20,0.30,W/SW,11.90,1020
2022-01-29,2022,1,29,-6.300000,-4.80,-11.00,-1.60,11.40,NULL,36.70,1002.1
2022-01-30,2022,1,30,-8.500000,-9.30,-12.10,-4.90,0.00,W,23.00,1010.3
2022-01-31,2022,1,31,-5.200000,-6.20,-9.90,-0.50,0.00,NW,8.60,1027.4
2022-02-01,2022,2,1,-3.000000,-3.50,-7.70,1.70,0.00,N,14.00,1034.9
2022-02-02,2022,2,2,2.550000,1.70,-0.50,5.60,0.00,N,2.50,1031.4
2022-02-03,2022,2,3,5.000000,4.30,1.70,8.30,4.30,S,11.90,1023.6
2022-02-04,2022,2,4,-0.550000,1.20,-5.50,4.40,47.50,N,19.10,1014.9
2022-02-05,2022,2,5,-6.800000,-5.40,-9.30,-4.30,1.30,NW,22.70,1021
2022-02-06,2022,2,6,-7.400000,-7.90,-12.10,-2.70,0.00,N/NW,11.20,1036.3
2022-02-07,2022,2,7,-0.250000,-1.70,-5.50,5.00,10.40,N/NE,6.80,1027.1
2022-02-08,2022,2,8,3.650000,3.70,1.70,5.60,12.40,W/NW,18.00,1010.4
2022-02-09,2022,2,9,2.550000,2.00,-1.00,6.10,0.00,SW,15.80,1015.6
2022-02-10,2022,2,10,4.800000,3.70,-1.00,10.60,0.00,SW,15.50,1010.6
2022-02-11,2022,2,11,5.300000,5.30,-0.50,11.10,0.00,S/SW,16.20,1014.6
2022-02-12,2022,2,12,9.750000,9.60,3.90,15.60,0.00,SW,23.40,1012
2022-02-13,2022,2,13,0.050000,0.90,-3.80,3.90,5.60,NULL,16.20,1019.7
2022-02-14,2022,2,14,-6.850000,-5.80,-9.90,-3.80,0.30,NW,23.00,1017.3
2022-02-15,2022,2,15,-7.150000,-8.10,-11.60,-2.70,0.00,W,18.00,1034.2
2022-02-16,2022,2,16,0.050000,-2.40,-8.20,8.30,0.00,S,21.60,1037.2
2022-02-17,2022,2,17,11.100000,10.30,6.10,16.10,0.80,S/SW,27.70,1018.1
2022-02-18,2022,2,18,6.450000,10.70,-3.80,16.70,7.90,W,34.90,1002.7
2022-02-19,2022,2,19,-1.350000,-1.90,-6.60,3.90,0.00,W/SW,24.80,1014
2022-02-20,2022,2,20,-4.100000,-4.20,-8.80,0.60,0.00,W/SW,25.20,1026.4
2022-02-21,2022,2,21,5.600000,3.30,-0.50,11.70,0.00,S/SW,16.60,1025.9
2022-02-22,2022,2,22,5.900000,3.80,-1.00,12.80,8.90,E,14.40,1025.5
2022-02-23,2022,2,23,10.300000,14.10,0.00,20.60,0.00,W/SW,28.10,1011.4
2022-02-24,2022,2,24,-2.750000,-1.60,-5.50,0.00,0.00,NW,15.50,1030.5
2022-02-25,2022,2,25,-3.550000,-1.80,-7.70,0.60,17.80,NE,23.40,1022.1
2022-02-26,2022,2,26,-5.500000,-5.80,-10.50,-0.50,0.00,W/NW,12.20,1026.7
2022-02-27,2022,2,27,-0.250000,-1.10,-5.50,5.00,0.00,W,24.50,1013.3
2022-02-28,2022,2,28,-4.650000,-3.70,-7.70,-1.60,0.00,NW,19.80,1022
2022-12-01,2022,12,1,4.150000,5.90,2.20,6.10,0.00,W,25.90,1018
2022-12-02,2022,12,2,3.900000,3.80,0.60,7.20,0.00,SW,13.70,1031.9
2022-12-03,2022,12,3,9.450000,9.00,3.90,15.00,4.10,S/SW,27.00,1018.4
2022-12-04,2022,12,4,3.050000,5.90,0.00,6.10,0.00,W/NW,14.40,1020.2
2022-12-05,2022,12,5,3.900000,3.80,-1.60,9.40,0.00,S,14.80,1025.7
2022-12-06,2022,12,6,8.600000,7.70,4.40,12.80,2.30,E/SE,10.40,1029.7
2022-12-07,2022,12,7,11.950000,10.90,8.90,15.00,21.60,S/SE,16.60,1022
2022-12-08,2022,12,8,8.600000,11.40,2.80,14.40,0.00,NW,23.40,1020.3
2022-12-09,2022,12,9,4.450000,4.10,0.60,8.30,0.00,N/NW,22.30,1023.8
2022-12-10,2022,12,10,0.850000,0.80,-0.50,2.20,0.00,N,20.90,1029.7
2022-12-11,2022,12,11,-1.350000,-1.20,-3.80,1.10,1.00,N,20.90,1026.4
2022-12-12,2022,12,12,-1.600000,-2.30,-4.30,1.10,0.00,N/NW,18.70,1021
2022-12-13,2022,12,13,0.900000,0.20,-3.20,5.00,0.00,W/NW,23.00,1020
2022-12-14,2022,12,14,-1.050000,-0.30,-4.90,2.80,0.00,W/NW,29.90,1016.8
2022-12-15,2022,12,15,3.350000,3.00,0.00,6.70,0.80,N/NE,23.00,1023.7
2022-12-16,2022,12,16,6.400000,6.20,5.60,7.20,32.50,E/NE,39.60,1008.7
2022-12-17,2022,12,17,3.900000,4.50,1.70,6.10,3.80,W/NW,24.50,1000.7
2022-12-18,2022,12,18,2.800000,2.90,0.60,5.00,0.00,W,20.20,1009.9
2022-12-19,2022,12,19,2.550000,1.70,-0.50,5.60,0.00,W,24.10,1017.4
2022-12-20,2022,12,20,2.000000,1.40,-1.00,5.00,0.00,NW,20.50,1026.1
2022-12-21,2022,12,21,0.600000,0.10,-2.70,3.90,0.00,W,9.70,1031.5
2022-12-22,2022,12,22,2.550000,1.70,-2.10,7.20,3.60,E/NE,17.60,1030.1
2022-12-23,2022,12,23,3.400000,9.40,-7.10,13.90,16.80,S/SE,46.80,993.9
2022-12-24,2022,12,24,-9.100000,-7.60,-11.60,-6.60,0.00,SW,29.90,1003.4
2022-12-25,2022,12,25,-6.300000,-7.50,-9.90,-2.70,0.00,SW,24.10,1010.2
2022-12-26,2022,12,26,-2.450000,-3.40,-6.00,1.10,0.00,W/SW,18.40,1019.7
2022-12-27,2022,12,27,0.050000,-0.70,-2.10,2.20,0.00,W,16.20,1023.2
2022-12-28,2022,12,28,0.900000,0.20,-4.30,6.10,0.00,S/SW,13.70,1025.3
2022-12-29,2022,12,29,6.100000,4.90,0.00,12.20,0.00,S/SW,12.20,1024.4
2022-12-30,2022,12,30,10.550000,9.10,3.90,17.20,0.00,S/SW,14.00,1023.1
2022-12-31,2022,12,31,9.450000,9.60,6.70,12.20,8.90,S/SW,14.80,1015.3
